iso3_country,sector,subsector,start_Time,end_time,gas,emissions_quantity,temporal_granularity,Emission_qty_avg_replaced
ABW,mineral-extraction,bauxite-mining,2015,2015,co2e_100yr,0,annual,25116.93002
ABW,mineral-extraction,bauxite-mining,2016,2016,co2e_100yr,0,annual,25116.93002
ABW,mineral-extraction,bauxite-mining,2017,2017,co2e_100yr,0,annual,25116.93002
ABW,mineral-extraction,bauxite-mining,2018,2018,co2e_100yr,0,annual,25116.93002
ABW,mineral-extraction,bauxite-mining,2019,2019,co2e_100yr,0,annual,25116.93002
ABW,mineral-extraction,bauxite-mining,2020,2020,co2e_100yr,0,annual,25116.93002
ABW,mineral-extraction,bauxite-mining,2021,2021,co2e_100yr,0,annual,25116.93002
ABW,mineral-extraction,bauxite-mining,2022,2022,co2e_100yr,0,annual,25116.93002
ABW,mineral-extraction,bauxite-mining,2023,2023,co2e_100yr,0,annual,25116.93002
ABW,mineral-extraction,bauxite-mining,2024,2024,co2e_100yr,0,annual,25116.93002
ABW,mineral-extraction,bauxite-mining,2025,2025,co2e_100yr,0,annual,25116.93002
AFG,mineral-extraction,bauxite-mining,2015,2015,co2e_100yr,0,annual,25116.93002
AFG,mineral-extraction,bauxite-mining,2016,2016,co2e_100yr,0,annual,25116.93002
AFG,mineral-extraction,bauxite-mining,2017,2017,co2e_100yr,0,annual,25116.93002
AFG,mineral-extraction,bauxite-mining,2018,2018,co2e_100yr,0,annual,25116.93002
AFG,mineral-extraction,bauxite-mining,2019,2019,co2e_100yr,0,annual,25116.93002
AFG,mineral-extraction,bauxite-mining,2020,2020,co2e_100yr,0,annual,25116.93002
AFG,mineral-extraction,bauxite-mining,2021,2021,co2e_100yr,0,annual,25116.93002
AFG,mineral-extraction,bauxite-mining,2022,2022,co2e_100yr,0,annual,25116.93002
AFG,mineral-extraction,bauxite-mining,2023,2023,co2e_100yr,0,annual,25116.93002
AFG,mineral-extraction,bauxite-mining,2024,2024,co2e_100yr,0,annual,25116.93002
AFG,mineral-extraction,bauxite-mining,2025,2025,co2e_100yr,0,annual,25116.93002
AGO,mineral-extraction,bauxite-mining,2015,2015,co2e_100yr,0,annual,25116.93002
AGO,mineral-extraction,bauxite-mining,2016,2016,co2e_100yr,0,annual,25116.93002
AGO,mineral-extraction,bauxite-mining,2017,2017,co2e_100yr,0,annual,25116.93002
AGO,mineral-extraction,bauxite-mining,2018,2018,co2e_100yr,0,annual,25116.93002
AGO,mineral-extraction,bauxite-mining,2019,2019,co2e_100yr,0,annual,25116.93002
AGO,mineral-extraction,bauxite-mining,2020,2020,co2e_100yr,0,annual,25116.93002
AGO,mineral-extraction,bauxite-mining,2021,2021,co2e_100yr,0,annual,25116.93002
AGO,mineral-extraction,bauxite-mining,2022,2022,co2e_100yr,0,annual,25116.93002
AGO,mineral-extraction,bauxite-mining,2023,2023,co2e_100yr,0,annual,25116.93002
AGO,mineral-extraction,bauxite-mining,2024,2024,co2e_100yr,0,annual,25116.93002
AGO,mineral-extraction,bauxite-mining,2025,2025,co2e_100yr,0,annual,25116.93002
AIA,mineral-extraction,bauxite-mining,2015,2015,co2e_100yr,0,annual,25116.93002
AIA,mineral-extraction,bauxite-mining,2016,2016,co2e_100yr,0,annual,25116.93002
AIA,mineral-extraction,bauxite-mining,2017,2017,co2e_100yr,0,annual,25116.93002
AIA,mineral-extraction,bauxite-mining,2018,2018,co2e_100yr,0,annual,25116.93002
AIA,mineral-extraction,bauxite-mining,2019,2019,co2e_100yr,0,annual,25116.93002
AIA,mineral-extraction,bauxite-mining,2020,2020,co2e_100yr,0,annual,25116.93002
AIA,mineral-extraction,bauxite-mining,2021,2021,co2e_100yr,0,annual,25116.93002
AIA,mineral-extraction,bauxite-mining,2022,2022,co2e_100yr,0,annual,25116.93002
AIA,mineral-extraction,bauxite-mining,2023,2023,co2e_100yr,0,annual,25116.93002
AIA,mineral-extraction,bauxite-mining,2024,2024,co2e_100yr,0,annual,25116.93002
AIA,mineral-extraction,bauxite-mining,2025,2025,co2e_100yr,0,annual,25116.93002
ALA,mineral-extraction,bauxite-mining,2015,2015,co2e_100yr,0,annual,25116.93002
ALA,mineral-extraction,bauxite-mining,2016,2016,co2e_100yr,0,annual,25116.93002
ALA,mineral-extraction,bauxite-mining,2017,2017,co2e_100yr,0,annual,25116.93002
ALA,mineral-extraction,bauxite-mining,2018,2018,co2e_100yr,0,annual,25116.93002
ALA,mineral-extraction,bauxite-mining,2019,2019,co2e_100yr,0,annual,25116.93002
ALA,mineral-extraction,bauxite-mining,2020,2020,co2e_100yr,0,annual,25116.93002
ALA,mineral-extraction,bauxite-mining,2021,2021,co2e_100yr,0,annual,25116.93002
ALA,mineral-extraction,bauxite-mining,2022,2022,co2e_100yr,0,annual,25116.93002
ALA,mineral-extraction,bauxite-mining,2023,2023,co2e_100yr,0,annual,25116.93002
ALA,mineral-extraction,bauxite-mining,2024,2024,co2e_100yr,0,annual,25116.93002
ALA,mineral-extraction,bauxite-mining,2025,2025,co2e_100yr,0,annual,25116.93002
ALB,mineral-extraction,bauxite-mining,2015,2015,co2e_100yr,0,annual,25116.93002
ALB,mineral-extraction,bauxite-mining,2016,2016,co2e_100yr,0,annual,25116.93002
ALB,mineral-extraction,bauxite-mining,2017,2017,co2e_100yr,0,annual,25116.93002
ALB,mineral-extraction,bauxite-mining,2018,2018,co2e_100yr,0,annual,25116.93002
ALB,mineral-extraction,bauxite-mining,2019,2019,co2e_100yr,0,annual,25116.93002
ALB,mineral-extraction,bauxite-mining,2020,2020,co2e_100yr,0,annual,25116.93002
ALB,mineral-extraction,bauxite-mining,2021,2021,co2e_100yr,0,annual,25116.93002
ALB,mineral-extraction,bauxite-mining,2022,2022,co2e_100yr,0,annual,25116.93002
ALB,mineral-extraction,bauxite-mining,2023,2023,co2e_100yr,0,annual,25116.93002
ALB,mineral-extraction,bauxite-mining,2024,2024,co2e_100yr,0,annual,25116.93002
ALB,mineral-extraction,bauxite-mining,2025,2025,co2e_100yr,0,annual,25116.93002
AND,mineral-extraction,bauxite-mining,2015,2015,co2e_100yr,0,annual,25116.93002
AND,mineral-extraction,bauxite-mining,2016,2016,co2e_100yr,0,annual,25116.93002
AND,mineral-extraction,bauxite-mining,2017,2017,co2e_100yr,0,annual,25116.93002
AND,mineral-extraction,bauxite-mining,2018,2018,co2e_100yr,0,annual,25116.93002
AND,mineral-extraction,bauxite-mining,2019,2019,co2e_100yr,0,annual,25116.93002
AND,mineral-extraction,bauxite-mining,2020,2020,co2e_100yr,0,annual,25116.93002
AND,mineral-extraction,bauxite-mining,2021,2021,co2e_100yr,0,annual,25116.93002
AND,mineral-extraction,bauxite-mining,2022,2022,co2e_100yr,0,annual,25116.93002
AND,mineral-extraction,bauxite-mining,2023,2023,co2e_100yr,0,annual,25116.93002
AND,mineral-extraction,bauxite-mining,2024,2024,co2e_100yr,0,annual,25116.93002
AND,mineral-extraction,bauxite-mining,2025,2025,co2e_100yr,0,annual,25116.93002
ARE,mineral-extraction,bauxite-mining,2015,2015,co2e_100yr,0,annual,25116.93002
ARE,mineral-extraction,bauxite-mining,2016,2016,co2e_100yr,0,annual,25116.93002
ARE,mineral-extraction,bauxite-mining,2017,2017,co2e_100yr,0,annual,25116.93002
ARE,mineral-extraction,bauxite-mining,2018,2018,co2e_100yr,0,annual,25116.93002
ARE,mineral-extraction,bauxite-mining,2019,2019,co2e_100yr,0,annual,25116.93002
ARE,mineral-extraction,bauxite-mining,2020,2020,co2e_100yr,0,annual,25116.93002
ARE,mineral-extraction,bauxite-mining,2021,2021,co2e_100yr,0,annual,25116.93002
ARE,mineral-extraction,bauxite-mining,2022,2022,co2e_100yr,0,annual,25116.93002
ARE,mineral-extraction,bauxite-mining,2023,2023,co2e_100yr,0,annual,25116.93002
ARE,mineral-extraction,bauxite-mining,2024,2024,co2e_100yr,0,annual,25116.93002
ARE,mineral-extraction,bauxite-mining,2025,2025,co2e_100yr,0,annual,25116.93002
ARG,mineral-extraction,bauxite-mining,2015,2015,co2e_100yr,0,annual,25116.93002
ARG,mineral-extraction,bauxite-mining,2016,2016,co2e_100yr,0,annual,25116.93002
ARG,mineral-extraction,bauxite-mining,2017,2017,co2e_100yr,0,annual,25116.93002
ARG,mineral-extraction,bauxite-mining,2018,2018,co2e_100yr,0,annual,25116.93002
ARG,mineral-extraction,bauxite-mining,2019,2019,co2e_100yr,0,annual,25116.93002
ARG,mineral-extraction,bauxite-mining,2020,2020,co2e_100yr,0,annual,25116.93002
ARG,mineral-extraction,bauxite-mining,2021,2021,co2e_100yr,0,annual,25116.93002
ARG,mineral-extraction,bauxite-mining,2022,2022,co2e_100yr,0,annual,25116.93002
ARG,mineral-extraction,bauxite-mining,2023,2023,co2e_100yr,0,annual,25116.93002
ARG,mineral-extraction,bauxite-mining,2024,2024,co2e_100yr,0,annual,25116.93002
ARG,mineral-extraction,bauxite-mining,2025,2025,co2e_100yr,0,annual,25116.93002
ARM,mineral-extraction,bauxite-mining,2015,2015,co2e_100yr,0,annual,25116.93002
ARM,mineral-extraction,bauxite-mining,2016,2016,co2e_100yr,0,annual,25116.93002
ARM,mineral-extraction,bauxite-mining,2017,2017,co2e_100yr,0,annual,25116.93002
ARM,mineral-extraction,bauxite-mining,2018,2018,co2e_100yr,0,annual,25116.93002
ARM,mineral-extraction,bauxite-mining,2019,2019,co2e_100yr,0,annual,25116.93002
ARM,mineral-extraction,bauxite-mining,2020,2020,co2e_100yr,0,annual,25116.93002
ARM,mineral-extraction,bauxite-mining,2021,2021,co2e_100yr,0,annual,25116.93002
ARM,mineral-extraction,bauxite-mining,2022,2022,co2e_100yr,0,annual,25116.93002
ARM,mineral-extraction,bauxite-mining,2023,2023,co2e_100yr,0,annual,25116.93002
ARM,mineral-extraction,bauxite-mining,2024,2024,co2e_100yr,0,annual,25116.93002
ARM,mineral-extraction,bauxite-mining,2025,2025,co2e_100yr,0,annual,25116.93002
ASM,mineral-extraction,bauxite-mining,2015,2015,co2e_100yr,0,annual,25116.93002
ASM,mineral-extraction,bauxite-mining,2016,2016,co2e_100yr,0,annual,25116.93002
ASM,mineral-extraction,bauxite-mining,2017,2017,co2e_100yr,0,annual,25116.93002
ASM,mineral-extraction,bauxite-mining,2018,2018,co2e_100yr,0,annual,25116.93002
ASM,mineral-extraction,bauxite-mining,2019,2019,co2e_100yr,0,annual,25116.93002
ASM,mineral-extraction,bauxite-mining,2020,2020,co2e_100yr,0,annual,25116.93002
ASM,mineral-extraction,bauxite-mining,2021,2021,co2e_100yr,0,annual,25116.93002
ASM,mineral-extraction,bauxite-mining,2022,2022,co2e_100yr,0,annual,25116.93002
ASM,mineral-extraction,bauxite-mining,2023,2023,co2e_100yr,0,annual,25116.93002
ASM,mineral-extraction,bauxite-mining,2024,2024,co2e_100yr,0,annual,25116.93002
ASM,mineral-extraction,bauxite-mining,2025,2025,co2e_100yr,0,annual,25116.93002
ATA,mineral-extraction,bauxite-mining,2015,2015,co2e_100yr,0,annual,25116.93002
ATA,mineral-extraction,bauxite-mining,2016,2016,co2e_100yr,0,annual,25116.93002
ATA,mineral-extraction,bauxite-mining,2017,2017,co2e_100yr,0,annual,25116.93002
ATA,mineral-extraction,bauxite-mining,2018,2018,co2e_100yr,0,annual,25116.93002
ATA,mineral-extraction,bauxite-mining,2019,2019,co2e_100yr,0,annual,25116.93002
ATA,mineral-extraction,bauxite-mining,2020,2020,co2e_100yr,0,annual,25116.93002
ATA,mineral-extraction,bauxite-mining,2021,2021,co2e_100yr,0,annual,25116.93002
ATA,mineral-extraction,bauxite-mining,2022,2022,co2e_100yr,0,annual,25116.93002
ATA,mineral-extraction,bauxite-mining,2023,2023,co2e_100yr,0,annual,25116.93002
ATA,mineral-extraction,bauxite-mining,2024,2024,co2e_100yr,0,annual,25116.93002
ATA,mineral-extraction,bauxite-mining,2025,2025,co2e_100yr,0,annual,25116.93002
ATF,mineral-extraction,bauxite-mining,2015,2015,co2e_100yr,0,annual,25116.93002
ATF,mineral-extraction,bauxite-mining,2016,2016,co2e_100yr,0,annual,25116.93002
ATF,mineral-extraction,bauxite-mining,2017,2017,co2e_100yr,0,annual,25116.93002
ATF,mineral-extraction,bauxite-mining,2018,2018,co2e_100yr,0,annual,25116.93002
ATF,mineral-extraction,bauxite-mining,2019,2019,co2e_100yr,0,annual,25116.93002
ATF,mineral-extraction,bauxite-mining,2020,2020,co2e_100yr,0,annual,25116.93002
ATF,mineral-extraction,bauxite-mining,2021,2021,co2e_100yr,0,annual,25116.93002
ATF,mineral-extraction,bauxite-mining,2022,2022,co2e_100yr,0,annual,25116.93002
ATF,mineral-extraction,bauxite-mining,2023,2023,co2e_100yr,0,annual,25116.93002
ATF,mineral-extraction,bauxite-mining,2024,2024,co2e_100yr,0,annual,25116.93002
ATF,mineral-extraction,bauxite-mining,2025,2025,co2e_100yr,0,annual,25116.93002
ATG,mineral-extraction,bauxite-mining,2015,2015,co2e_100yr,0,annual,25116.93002
ATG,mineral-extraction,bauxite-mining,2016,2016,co2e_100yr,0,annual,25116.93002
ATG,mineral-extraction,bauxite-mining,2017,2017,co2e_100yr,0,annual,25116.93002
ATG,mineral-extraction,bauxite-mining,2018,2018,co2e_100yr,0,annual,25116.93002
ATG,mineral-extraction,bauxite-mining,2019,2019,co2e_100yr,0,annual,25116.93002
ATG,mineral-extraction,bauxite-mining,2020,2020,co2e_100yr,0,annual,25116.93002
ATG,mineral-extraction,bauxite-mining,2021,2021,co2e_100yr,0,annual,25116.93002
ATG,mineral-extraction,bauxite-mining,2022,2022,co2e_100yr,0,annual,25116.93002
ATG,mineral-extraction,bauxite-mining,2023,2023,co2e_100yr,0,annual,25116.93002
ATG,mineral-extraction,bauxite-mining,2024,2024,co2e_100yr,0,annual,25116.93002
ATG,mineral-extraction,bauxite-mining,2025,2025,co2e_100yr,0,annual,25116.93002
AUS,mineral-extraction,bauxite-mining,2015,2015,co2e_100yr,1074472,annual,1074472
AUS,mineral-extraction,bauxite-mining,2016,2016,co2e_100yr,1109106,annual,1109106
AUS,mineral-extraction,bauxite-mining,2017,2017,co2e_100yr,1187511,annual,1187511
AUS,mineral-extraction,bauxite-mining,2018,2018,co2e_100yr,1274189,annual,1274189
AUS,mineral-extraction,bauxite-mining,2019,2019,co2e_100yr,1401624,annual,1401624
AUS,mineral-extraction,bauxite-mining,2020,2020,co2e_100yr,1387562,annual,1387562
AUS,mineral-extraction,bauxite-mining,2021,2021,co2e_100yr,1421274,annual,1421274
AUS,mineral-extraction,bauxite-mining,2022,2022,co2e_100yr,1480974,annual,1480974
AUS,mineral-extraction,bauxite-mining,2023,2023,co2e_100yr,1507151,annual,1507151
AUS,mineral-extraction,bauxite-mining,2024,2024,co2e_100yr,1555433,annual,1555433
AUS,mineral-extraction,bauxite-mining,2025,2025,co2e_100yr,1422969.22,annual,1422969.217
AUT,mineral-extraction,bauxite-mining,2015,2015,co2e_100yr,11474,annual,11474.00005
AUT,mineral-extraction,bauxite-mining,2016,2016,co2e_100yr,9346,annual,9346.00004
AUT,mineral-extraction,bauxite-mining,2017,2017,co2e_100yr,10206,annual,10206.00004
AUT,mineral-extraction,bauxite-mining,2018,2018,co2e_100yr,10206,annual,10206.00004
AUT,mineral-extraction,bauxite-mining,2019,2019,co2e_100yr,13618,annual,13618.00006
AUT,mineral-extraction,bauxite-mining,2020,2020,co2e_100yr,12150,annual,12150.00005
AUT,mineral-extraction,bauxite-mining,2021,2021,co2e_100yr,9660,annual,9660.000041
AUT,mineral-extraction,bauxite-mining,2022,2022,co2e_100yr,12166,annual,12166.00005
AUT,mineral-extraction,bauxite-mining,2023,2023,co2e_100yr,12401,annual,12401.00005
AUT,mineral-extraction,bauxite-mining,2024,2024,co2e_100yr,14456,annual,14456.00006
AUT,mineral-extraction,bauxite-mining,2025,2025,co2e_100yr,13141.95,annual,13141.9526
AZE,mineral-extraction,bauxite-mining,2015,2015,co2e_100yr,0,annual,25116.93002
AZE,mineral-extraction,bauxite-mining,2016,2016,co2e_100yr,0,annual,25116.93002
AZE,mineral-extraction,bauxite-mining,2017,2017,co2e_100yr,0,annual,25116.93002
AZE,mineral-extraction,bauxite-mining,2018,2018,co2e_100yr,0,annual,25116.93002
AZE,mineral-extraction,bauxite-mining,2019,2019,co2e_100yr,0,annual,25116.93002
AZE,mineral-extraction,bauxite-mining,2020,2020,co2e_100yr,0,annual,25116.93002
AZE,mineral-extraction,bauxite-mining,2021,2021,co2e_100yr,0,annual,25116.93002
AZE,mineral-extraction,bauxite-mining,2022,2022,co2e_100yr,0,annual,25116.93002
AZE,mineral-extraction,bauxite-mining,2023,2023,co2e_100yr,0,annual,25116.93002
AZE,mineral-extraction,bauxite-mining,2024,2024,co2e_100yr,0,annual,25116.93002
AZE,mineral-extraction,bauxite-mining,2025,2025,co2e_100yr,0,annual,25116.93002
BDI,mineral-extraction,bauxite-mining,2015,2015,co2e_100yr,0,annual,25116.93002
BDI,mineral-extraction,bauxite-mining,2016,2016,co2e_100yr,0,annual,25116.93002
BDI,mineral-extraction,bauxite-mining,2017,2017,co2e_100yr,0,annual,25116.93002
BDI,mineral-extraction,bauxite-mining,2018,2018,co2e_100yr,0,annual,25116.93002
BDI,mineral-extraction,bauxite-mining,2019,2019,co2e_100yr,0,annual,25116.93002
BDI,mineral-extraction,bauxite-mining,2020,2020,co2e_100yr,0,annual,25116.93002
BDI,mineral-extraction,bauxite-mining,2021,2021,co2e_100yr,0,annual,25116.93002
BDI,mineral-extraction,bauxite-mining,2022,2022,co2e_100yr,0,annual,25116.93002
BDI,mineral-extraction,bauxite-mining,2023,2023,co2e_100yr,0,annual,25116.93002
BDI,mineral-extraction,bauxite-mining,2024,2024,co2e_100yr,0,annual,25116.93002
BDI,mineral-extraction,bauxite-mining,2025,2025,co2e_100yr,0,annual,25116.93002
BEL,mineral-extraction,bauxite-mining,2015,2015,co2e_100yr,0,annual,25116.93002
BEL,mineral-extraction,bauxite-mining,2016,2016,co2e_100yr,0,annual,25116.93002
BEL,mineral-extraction,bauxite-mining,2017,2017,co2e_100yr,0,annual,25116.93002
BEL,mineral-extraction,bauxite-mining,2018,2018,co2e_100yr,0,annual,25116.93002
BEL,mineral-extraction,bauxite-mining,2019,2019,co2e_100yr,0,annual,25116.93002
BEL,mineral-extraction,bauxite-mining,2020,2020,co2e_100yr,0,annual,25116.93002
BEL,mineral-extraction,bauxite-mining,2021,2021,co2e_100yr,0,annual,25116.93002
BEL,mineral-extraction,bauxite-mining,2022,2022,co2e_100yr,0,annual,25116.93002
BEL,mineral-extraction,bauxite-mining,2023,2023,co2e_100yr,0,annual,25116.93002
BEL,mineral-extraction,bauxite-mining,2024,2024,co2e_100yr,0,annual,25116.93002
BEL,mineral-extraction,bauxite-mining,2025,2025,co2e_100yr,0,annual,25116.93002
BEN,mineral-extraction,bauxite-mining,2015,2015,co2e_100yr,0,annual,25116.93002
BEN,mineral-extraction,bauxite-mining,2016,2016,co2e_100yr,0,annual,25116.93002
BEN,mineral-extraction,bauxite-mining,2017,2017,co2e_100yr,0,annual,25116.93002
BEN,mineral-extraction,bauxite-mining,2018,2018,co2e_100yr,0,annual,25116.93002
BEN,mineral-extraction,bauxite-mining,2019,2019,co2e_100yr,0,annual,25116.93002
BEN,mineral-extraction,bauxite-mining,2020,2020,co2e_100yr,0,annual,25116.93002
BEN,mineral-extraction,bauxite-mining,2021,2021,co2e_100yr,0,annual,25116.93002
BEN,mineral-extraction,bauxite-mining,2022,2022,co2e_100yr,0,annual,25116.93002
BEN,mineral-extraction,bauxite-mining,2023,2023,co2e_100yr,0,annual,25116.93002
BEN,mineral-extraction,bauxite-mining,2024,2024,co2e_100yr,0,annual,25116.93002
BEN,mineral-extraction,bauxite-mining,2025,2025,co2e_100yr,0,annual,25116.93002
BES,mineral-extraction,bauxite-mining,2015,2015,co2e_100yr,0,annual,25116.93002
BES,mineral-extraction,bauxite-mining,2016,2016,co2e_100yr,0,annual,25116.93002
BES,mineral-extraction,bauxite-mining,2017,2017,co2e_100yr,0,annual,25116.93002
BES,mineral-extraction,bauxite-mining,2018,2018,co2e_100yr,0,annual,25116.93002
BES,mineral-extraction,bauxite-mining,2019,2019,co2e_100yr,0,annual,25116.93002
BES,mineral-extraction,bauxite-mining,2020,2020,co2e_100yr,0,annual,25116.93002
BES,mineral-extraction,bauxite-mining,2021,2021,co2e_100yr,0,annual,25116.93002
BES,mineral-extraction,bauxite-mining,2022,2022,co2e_100yr,0,annual,25116.93002
BES,mineral-extraction,bauxite-mining,2023,2023,co2e_100yr,0,annual,25116.93002
BES,mineral-extraction,bauxite-mining,2024,2024,co2e_100yr,0,annual,25116.93002
BES,mineral-extraction,bauxite-mining,2025,2025,co2e_100yr,0,annual,25116.93002
BFA,mineral-extraction,bauxite-mining,2015,2015,co2e_100yr,0,annual,25116.93002
BFA,mineral-extraction,bauxite-mining,2016,2016,co2e_100yr,0,annual,25116.93002
BFA,mineral-extraction,bauxite-mining,2017,2017,co2e_100yr,0,annual,25116.93002
BFA,mineral-extraction,bauxite-mining,2018,2018,co2e_100yr,0,annual,25116.93002
BFA,mineral-extraction,bauxite-mining,2019,2019,co2e_100yr,0,annual,25116.93002
BFA,mineral-extraction,bauxite-mining,2020,2020,co2e_100yr,0,annual,25116.93002
BFA,mineral-extraction,bauxite-mining,2021,2021,co2e_100yr,0,annual,25116.93002
BFA,mineral-extraction,bauxite-mining,2022,2022,co2e_100yr,0,annual,25116.93002
BFA,mineral-extraction,bauxite-mining,2023,2023,co2e_100yr,0,annual,25116.93002
BFA,mineral-extraction,bauxite-mining,2024,2024,co2e_100yr,0,annual,25116.93002
BFA,mineral-extraction,bauxite-mining,2025,2025,co2e_100yr,0,annual,25116.93002
BGD,mineral-extraction,bauxite-mining,2015,2015,co2e_100yr,0,annual,25116.93002
BGD,mineral-extraction,bauxite-mining,2016,2016,co2e_100yr,0,annual,25116.93002
BGD,mineral-extraction,bauxite-mining,2017,2017,co2e_100yr,0,annual,25116.93002
BGD,mineral-extraction,bauxite-mining,2018,2018,co2e_100yr,0,annual,25116.93002
BGD,mineral-extraction,bauxite-mining,2019,2019,co2e_100yr,0,annual,25116.93002
BGD,mineral-extraction,bauxite-mining,2020,2020,co2e_100yr,0,annual,25116.93002
BGD,mineral-extraction,bauxite-mining,2021,2021,co2e_100yr,0,annual,25116.93002
BGD,mineral-extraction,bauxite-mining,2022,2022,co2e_100yr,0,annual,25116.93002
BGD,mineral-extraction,bauxite-mining,2023,2023,co2e_100yr,0,annual,25116.93002
BGD,mineral-extraction,bauxite-mining,2024,2024,co2e_100yr,0,annual,25116.93002
BGD,mineral-extraction,bauxite-mining,2025,2025,co2e_100yr,0,annual,25116.93002
BGR,mineral-extraction,bauxite-mining,2015,2015,co2e_100yr,0,annual,25116.93002
BGR,mineral-extraction,bauxite-mining,2016,2016,co2e_100yr,0,annual,25116.93002
BGR,mineral-extraction,bauxite-mining,2017,2017,co2e_100yr,0,annual,25116.93002
BGR,mineral-extraction,bauxite-mining,2018,2018,co2e_100yr,0,annual,25116.93002
BGR,mineral-extraction,bauxite-mining,2019,2019,co2e_100yr,0,annual,25116.93002
BGR,mineral-extraction,bauxite-mining,2020,2020,co2e_100yr,0,annual,25116.93002
BGR,mineral-extraction,bauxite-mining,2021,2021,co2e_100yr,0,annual,25116.93002
BGR,mineral-extraction,bauxite-mining,2022,2022,co2e_100yr,0,annual,25116.93002
BGR,mineral-extraction,bauxite-mining,2023,2023,co2e_100yr,0,annual,25116.93002
BGR,mineral-extraction,bauxite-mining,2024,2024,co2e_100yr,0,annual,25116.93002
BGR,mineral-extraction,bauxite-mining,2025,2025,co2e_100yr,0,annual,25116.93002
BHR,mineral-extraction,bauxite-mining,2015,2015,co2e_100yr,0,annual,25116.93002
BHR,mineral-extraction,bauxite-mining,2016,2016,co2e_100yr,0,annual,25116.93002
BHR,mineral-extraction,bauxite-mining,2017,2017,co2e_100yr,0,annual,25116.93002
BHR,mineral-extraction,bauxite-mining,2018,2018,co2e_100yr,0,annual,25116.93002
BHR,mineral-extraction,bauxite-mining,2019,2019,co2e_100yr,0,annual,25116.93002
BHR,mineral-extraction,bauxite-mining,2020,2020,co2e_100yr,0,annual,25116.93002
BHR,mineral-extraction,bauxite-mining,2021,2021,co2e_100yr,0,annual,25116.93002
BHR,mineral-extraction,bauxite-mining,2022,2022,co2e_100yr,0,annual,25116.93002
BHR,mineral-extraction,bauxite-mining,2023,2023,co2e_100yr,0,annual,25116.93002
BHR,mineral-extraction,bauxite-mining,2024,2024,co2e_100yr,0,annual,25116.93002
BHR,mineral-extraction,bauxite-mining,2025,2025,co2e_100yr,0,annual,25116.93002
BHS,mineral-extraction,bauxite-mining,2015,2015,co2e_100yr,0,annual,25116.93002
BHS,mineral-extraction,bauxite-mining,2016,2016,co2e_100yr,0,annual,25116.93002
BHS,mineral-extraction,bauxite-mining,2017,2017,co2e_100yr,0,annual,25116.93002
BHS,mineral-extraction,bauxite-mining,2018,2018,co2e_100yr,0,annual,25116.93002
BHS,mineral-extraction,bauxite-mining,2019,2019,co2e_100yr,0,annual,25116.93002
BHS,mineral-extraction,bauxite-mining,2020,2020,co2e_100yr,0,annual,25116.93002
BHS,mineral-extraction,bauxite-mining,2021,2021,co2e_100yr,0,annual,25116.93002
BHS,mineral-extraction,bauxite-mining,2022,2022,co2e_100yr,0,annual,25116.93002
BHS,mineral-extraction,bauxite-mining,2023,2023,co2e_100yr,0,annual,25116.93002
BHS,mineral-extraction,bauxite-mining,2024,2024,co2e_100yr,0,annual,25116.93002
BHS,mineral-extraction,bauxite-mining,2025,2025,co2e_100yr,0,annual,25116.93002
BIH,mineral-extraction,bauxite-mining,2015,2015,co2e_100yr,540291,annual,540290.9988
BIH,mineral-extraction,bauxite-mining,2016,2016,co2e_100yr,572178,annual,572177.9987
BIH,mineral-extraction,bauxite-mining,2017,2017,co2e_100yr,555090,annual,555089.9988
BIH,mineral-extraction,bauxite-mining,2018,2018,co2e_100yr,466662,annual,466661.999
BIH,mineral-extraction,bauxite-mining,2019,2019,co2e_100yr,465656,annual,465655.999
BIH,mineral-extraction,bauxite-mining,2020,2020,co2e_100yr,418500,annual,418499.9991
BIH,mineral-extraction,bauxite-mining,2021,2021,co2e_100yr,404754,annual,404754
BIH,mineral-extraction,bauxite-mining,2022,2022,co2e_100yr,506101,annual,506101
BIH,mineral-extraction,bauxite-mining,2023,2023,co2e_100yr,512193,annual,512193
BIH,mineral-extraction,bauxite-mining,2024,2024,co2e_100yr,592788,annual,592788
BIH,mineral-extraction,bauxite-mining,2025,2025,co2e_100yr,539633.94,annual,539633.9445
BLM,mineral-extraction,bauxite-mining,2015,2015,co2e_100yr,0,annual,25116.93002
BLM,mineral-extraction,bauxite-mining,2016,2016,co2e_100yr,0,annual,25116.93002
BLM,mineral-extraction,bauxite-mining,2017,2017,co2e_100yr,0,annual,25116.93002
BLM,mineral-extraction,bauxite-mining,2018,2018,co2e_100yr,0,annual,25116.93002
BLM,mineral-extraction,bauxite-mining,2019,2019,co2e_100yr,0,annual,25116.93002
BLM,mineral-extraction,bauxite-mining,2020,2020,co2e_100yr,0,annual,25116.93002
BLM,mineral-extraction,bauxite-mining,2021,2021,co2e_100yr,0,annual,25116.93002
BLM,mineral-extraction,bauxite-mining,2022,2022,co2e_100yr,0,annual,25116.93002
BLM,mineral-extraction,bauxite-mining,2023,2023,co2e_100yr,0,annual,25116.93002
BLM,mineral-extraction,bauxite-mining,2024,2024,co2e_100yr,0,annual,25116.93002
BLM,mineral-extraction,bauxite-mining,2025,2025,co2e_100yr,0,annual,25116.93002
BLR,mineral-extraction,bauxite-mining,2015,2015,co2e_100yr,0,annual,25116.93002
BLR,mineral-extraction,bauxite-mining,2016,2016,co2e_100yr,0,annual,25116.93002
BLR,mineral-extraction,bauxite-mining,2017,2017,co2e_100yr,0,annual,25116.93002
BLR,mineral-extraction,bauxite-mining,2018,2018,co2e_100yr,0,annual,25116.93002
BLR,mineral-extraction,bauxite-mining,2019,2019,co2e_100yr,0,annual,25116.93002
BLR,mineral-extraction,bauxite-mining,2020,2020,co2e_100yr,0,annual,25116.93002
BLR,mineral-extraction,bauxite-mining,2021,2021,co2e_100yr,0,annual,25116.93002
BLR,mineral-extraction,bauxite-mining,2022,2022,co2e_100yr,0,annual,25116.93002
BLR,mineral-extraction,bauxite-mining,2023,2023,co2e_100yr,0,annual,25116.93002
BLR,mineral-extraction,bauxite-mining,2024,2024,co2e_100yr,0,annual,25116.93002
BLR,mineral-extraction,bauxite-mining,2025,2025,co2e_100yr,0,annual,25116.93002
BLZ,mineral-extraction,bauxite-mining,2015,2015,co2e_100yr,0,annual,25116.93002
BLZ,mineral-extraction,bauxite-mining,2016,2016,co2e_100yr,0,annual,25116.93002
BLZ,mineral-extraction,bauxite-mining,2017,2017,co2e_100yr,0,annual,25116.93002
BLZ,mineral-extraction,bauxite-mining,2018,2018,co2e_100yr,0,annual,25116.93002
BLZ,mineral-extraction,bauxite-mining,2019,2019,co2e_100yr,0,annual,25116.93002
BLZ,mineral-extraction,bauxite-mining,2020,2020,co2e_100yr,0,annual,25116.93002
BLZ,mineral-extraction,bauxite-mining,2021,2021,co2e_100yr,0,annual,25116.93002
BLZ,mineral-extraction,bauxite-mining,2022,2022,co2e_100yr,0,annual,25116.93002
BLZ,mineral-extraction,bauxite-mining,2023,2023,co2e_100yr,0,annual,25116.93002
BLZ,mineral-extraction,bauxite-mining,2024,2024,co2e_100yr,0,annual,25116.93002
BLZ,mineral-extraction,bauxite-mining,2025,2025,co2e_100yr,0,annual,25116.93002
BMU,mineral-extraction,bauxite-mining,2015,2015,co2e_100yr,0,annual,25116.93002
BMU,mineral-extraction,bauxite-mining,2016,2016,co2e_100yr,0,annual,25116.93002
BMU,mineral-extraction,bauxite-mining,2017,2017,co2e_100yr,0,annual,25116.93002
BMU,mineral-extraction,bauxite-mining,2018,2018,co2e_100yr,0,annual,25116.93002
BMU,mineral-extraction,bauxite-mining,2019,2019,co2e_100yr,0,annual,25116.93002
BMU,mineral-extraction,bauxite-mining,2020,2020,co2e_100yr,0,annual,25116.93002
BMU,mineral-extraction,bauxite-mining,2021,2021,co2e_100yr,0,annual,25116.93002
BMU,mineral-extraction,bauxite-mining,2022,2022,co2e_100yr,0,annual,25116.93002
BMU,mineral-extraction,bauxite-mining,2023,2023,co2e_100yr,0,annual,25116.93002
BMU,mineral-extraction,bauxite-mining,2024,2024,co2e_100yr,0,annual,25116.93002
BMU,mineral-extraction,bauxite-mining,2025,2025,co2e_100yr,0,annual,25116.93002
BOL,mineral-extraction,bauxite-mining,2015,2015,co2e_100yr,0,annual,25116.93002
BOL,mineral-extraction,bauxite-mining,2016,2016,co2e_100yr,0,annual,25116.93002
BOL,mineral-extraction,bauxite-mining,2017,2017,co2e_100yr,0,annual,25116.93002
BOL,mineral-extraction,bauxite-mining,2018,2018,co2e_100yr,0,annual,25116.93002
BOL,mineral-extraction,bauxite-mining,2019,2019,co2e_100yr,0,annual,25116.93002
BOL,mineral-extraction,bauxite-mining,2020,2020,co2e_100yr,0,annual,25116.93002
BOL,mineral-extraction,bauxite-mining,2021,2021,co2e_100yr,0,annual,25116.93002
BOL,mineral-extraction,bauxite-mining,2022,2022,co2e_100yr,0,annual,25116.93002
BOL,mineral-extraction,bauxite-mining,2023,2023,co2e_100yr,0,annual,25116.93002
BOL,mineral-extraction,bauxite-mining,2024,2024,co2e_100yr,0,annual,25116.93002
BOL,mineral-extraction,bauxite-mining,2025,2025,co2e_100yr,0,annual,25116.93002
BRA,mineral-extraction,bauxite-mining,2015,2015,co2e_100yr,446199,annual,446199
BRA,mineral-extraction,bauxite-mining,2016,2016,co2e_100yr,503671,annual,503671
BRA,mineral-extraction,bauxite-mining,2017,2017,co2e_100yr,501983,annual,501983
BRA,mineral-extraction,bauxite-mining,2018,2018,co2e_100yr,579860,annual,579860
BRA,mineral-extraction,bauxite-mining,2019,2019,co2e_100yr,770700,annual,770700
BRA,mineral-extraction,bauxite-mining,2020,2020,co2e_100yr,750870,annual,750870
BRA,mineral-extraction,bauxite-mining,2021,2021,co2e_100yr,736125,annual,736125
BRA,mineral-extraction,bauxite-mining,2022,2022,co2e_100yr,747456,annual,747456
BRA,mineral-extraction,bauxite-mining,2023,2023,co2e_100yr,788629,annual,788629
BRA,mineral-extraction,bauxite-mining,2024,2024,co2e_100yr,818115,annual,818115
BRA,mineral-extraction,bauxite-mining,2025,2025,co2e_100yr,748442.69,annual,748442.6913
BRB,mineral-extraction,bauxite-mining,2015,2015,co2e_100yr,0,annual,25116.93002
BRB,mineral-extraction,bauxite-mining,2016,2016,co2e_100yr,0,annual,25116.93002
BRB,mineral-extraction,bauxite-mining,2017,2017,co2e_100yr,0,annual,25116.93002
BRB,mineral-extraction,bauxite-mining,2018,2018,co2e_100yr,0,annual,25116.93002
BRB,mineral-extraction,bauxite-mining,2019,2019,co2e_100yr,0,annual,25116.93002
BRB,mineral-extraction,bauxite-mining,2020,2020,co2e_100yr,0,annual,25116.93002
BRB,mineral-extraction,bauxite-mining,2021,2021,co2e_100yr,0,annual,25116.93002
BRB,mineral-extraction,bauxite-mining,2022,2022,co2e_100yr,0,annual,25116.93002
BRB,mineral-extraction,bauxite-mining,2023,2023,co2e_100yr,0,annual,25116.93002
BRB,mineral-extraction,bauxite-mining,2024,2024,co2e_100yr,0,annual,25116.93002
BRB,mineral-extraction,bauxite-mining,2025,2025,co2e_100yr,0,annual,25116.93002
BRN,mineral-extraction,bauxite-mining,2015,2015,co2e_100yr,0,annual,25116.93002
BRN,mineral-extraction,bauxite-mining,2016,2016,co2e_100yr,0,annual,25116.93002
BRN,mineral-extraction,bauxite-mining,2017,2017,co2e_100yr,0,annual,25116.93002
BRN,mineral-extraction,bauxite-mining,2018,2018,co2e_100yr,0,annual,25116.93002
BRN,mineral-extraction,bauxite-mining,2019,2019,co2e_100yr,0,annual,25116.93002
BRN,mineral-extraction,bauxite-mining,2020,2020,co2e_100yr,0,annual,25116.93002
BRN,mineral-extraction,bauxite-mining,2021,2021,co2e_100yr,0,annual,25116.93002
BRN,mineral-extraction,bauxite-mining,2022,2022,co2e_100yr,0,annual,25116.93002
BRN,mineral-extraction,bauxite-mining,2023,2023,co2e_100yr,0,annual,25116.93002
BRN,mineral-extraction,bauxite-mining,2024,2024,co2e_100yr,0,annual,25116.93002
BRN,mineral-extraction,bauxite-mining,2025,2025,co2e_100yr,0,annual,25116.93002
BTN,mineral-extraction,bauxite-mining,2015,2015,co2e_100yr,0,annual,25116.93002
BTN,mineral-extraction,bauxite-mining,2016,2016,co2e_100yr,0,annual,25116.93002
BTN,mineral-extraction,bauxite-mining,2017,2017,co2e_100yr,0,annual,25116.93002
BTN,mineral-extraction,bauxite-mining,2018,2018,co2e_100yr,0,annual,25116.93002
BTN,mineral-extraction,bauxite-mining,2019,2019,co2e_100yr,0,annual,25116.93002
BTN,mineral-extraction,bauxite-mining,2020,2020,co2e_100yr,0,annual,25116.93002
BTN,mineral-extraction,bauxite-mining,2021,2021,co2e_100yr,0,annual,25116.93002
BTN,mineral-extraction,bauxite-mining,2022,2022,co2e_100yr,0,annual,25116.93002
BTN,mineral-extraction,bauxite-mining,2023,2023,co2e_100yr,0,annual,25116.93002
BTN,mineral-extraction,bauxite-mining,2024,2024,co2e_100yr,0,annual,25116.93002
BTN,mineral-extraction,bauxite-mining,2025,2025,co2e_100yr,0,annual,25116.93002
BVT,mineral-extraction,bauxite-mining,2015,2015,co2e_100yr,0,annual,25116.93002
BVT,mineral-extraction,bauxite-mining,2016,2016,co2e_100yr,0,annual,25116.93002
BVT,mineral-extraction,bauxite-mining,2017,2017,co2e_100yr,0,annual,25116.93002
BVT,mineral-extraction,bauxite-mining,2018,2018,co2e_100yr,0,annual,25116.93002
BVT,mineral-extraction,bauxite-mining,2019,2019,co2e_100yr,0,annual,25116.93002
BVT,mineral-extraction,bauxite-mining,2020,2020,co2e_100yr,0,annual,25116.93002
BVT,mineral-extraction,bauxite-mining,2021,2021,co2e_100yr,0,annual,25116.93002
BVT,mineral-extraction,bauxite-mining,2022,2022,co2e_100yr,0,annual,25116.93002
BVT,mineral-extraction,bauxite-mining,2023,2023,co2e_100yr,0,annual,25116.93002
BVT,mineral-extraction,bauxite-mining,2024,2024,co2e_100yr,0,annual,25116.93002
BVT,mineral-extraction,bauxite-mining,2025,2025,co2e_100yr,0,annual,25116.93002
BWA,mineral-extraction,bauxite-mining,2015,2015,co2e_100yr,0,annual,25116.93002
BWA,mineral-extraction,bauxite-mining,2016,2016,co2e_100yr,0,annual,25116.93002
BWA,mineral-extraction,bauxite-mining,2017,2017,co2e_100yr,0,annual,25116.93002
BWA,mineral-extraction,bauxite-mining,2018,2018,co2e_100yr,0,annual,25116.93002
BWA,mineral-extraction,bauxite-mining,2019,2019,co2e_100yr,0,annual,25116.93002
BWA,mineral-extraction,bauxite-mining,2020,2020,co2e_100yr,0,annual,25116.93002
BWA,mineral-extraction,bauxite-mining,2021,2021,co2e_100yr,0,annual,25116.93002
BWA,mineral-extraction,bauxite-mining,2022,2022,co2e_100yr,0,annual,25116.93002
BWA,mineral-extraction,bauxite-mining,2023,2023,co2e_100yr,0,annual,25116.93002
BWA,mineral-extraction,bauxite-mining,2024,2024,co2e_100yr,0,annual,25116.93002
BWA,mineral-extraction,bauxite-mining,2025,2025,co2e_100yr,0,annual,25116.93002
CAF,mineral-extraction,bauxite-mining,2015,2015,co2e_100yr,0,annual,25116.93002
CAF,mineral-extraction,bauxite-mining,2016,2016,co2e_100yr,0,annual,25116.93002
CAF,mineral-extraction,bauxite-mining,2017,2017,co2e_100yr,0,annual,25116.93002
CAF,mineral-extraction,bauxite-mining,2018,2018,co2e_100yr,0,annual,25116.93002
CAF,mineral-extraction,bauxite-mining,2019,2019,co2e_100yr,0,annual,25116.93002
CAF,mineral-extraction,bauxite-mining,2020,2020,co2e_100yr,0,annual,25116.93002
CAF,mineral-extraction,bauxite-mining,2021,2021,co2e_100yr,0,annual,25116.93002
CAF,mineral-extraction,bauxite-mining,2022,2022,co2e_100yr,0,annual,25116.93002
CAF,mineral-extraction,bauxite-mining,2023,2023,co2e_100yr,0,annual,25116.93002
CAF,mineral-extraction,bauxite-mining,2024,2024,co2e_100yr,0,annual,25116.93002
CAF,mineral-extraction,bauxite-mining,2025,2025,co2e_100yr,0,annual,25116.93002
CAN,mineral-extraction,bauxite-mining,2015,2015,co2e_100yr,0,annual,25116.93002
CAN,mineral-extraction,bauxite-mining,2016,2016,co2e_100yr,0,annual,25116.93002
CAN,mineral-extraction,bauxite-mining,2017,2017,co2e_100yr,0,annual,25116.93002
CAN,mineral-extraction,bauxite-mining,2018,2018,co2e_100yr,0,annual,25116.93002
CAN,mineral-extraction,bauxite-mining,2019,2019,co2e_100yr,0,annual,25116.93002
CAN,mineral-extraction,bauxite-mining,2020,2020,co2e_100yr,0,annual,25116.93002
CAN,mineral-extraction,bauxite-mining,2021,2021,co2e_100yr,0,annual,25116.93002
CAN,mineral-extraction,bauxite-mining,2022,2022,co2e_100yr,0,annual,25116.93002
CAN,mineral-extraction,bauxite-mining,2023,2023,co2e_100yr,0,annual,25116.93002
CAN,mineral-extraction,bauxite-mining,2024,2024,co2e_100yr,0,annual,25116.93002
CAN,mineral-extraction,bauxite-mining,2025,2025,co2e_100yr,0,annual,25116.93002
CCK,mineral-extraction,bauxite-mining,2015,2015,co2e_100yr,0,annual,25116.93002
CCK,mineral-extraction,bauxite-mining,2016,2016,co2e_100yr,0,annual,25116.93002
CCK,mineral-extraction,bauxite-mining,2017,2017,co2e_100yr,0,annual,25116.93002
CCK,mineral-extraction,bauxite-mining,2018,2018,co2e_100yr,0,annual,25116.93002
CCK,mineral-extraction,bauxite-mining,2019,2019,co2e_100yr,0,annual,25116.93002
CCK,mineral-extraction,bauxite-mining,2020,2020,co2e_100yr,0,annual,25116.93002
CCK,mineral-extraction,bauxite-mining,2021,2021,co2e_100yr,0,annual,25116.93002
CCK,mineral-extraction,bauxite-mining,2022,2022,co2e_100yr,0,annual,25116.93002
CCK,mineral-extraction,bauxite-mining,2023,2023,co2e_100yr,0,annual,25116.93002
CCK,mineral-extraction,bauxite-mining,2024,2024,co2e_100yr,0,annual,25116.93002
CCK,mineral-extraction,bauxite-mining,2025,2025,co2e_100yr,0,annual,25116.93002
CHE,mineral-extraction,bauxite-mining,2015,2015,co2e_100yr,0,annual,25116.93002
CHE,mineral-extraction,bauxite-mining,2016,2016,co2e_100yr,0,annual,25116.93002
CHE,mineral-extraction,bauxite-mining,2017,2017,co2e_100yr,0,annual,25116.93002
CHE,mineral-extraction,bauxite-mining,2018,2018,co2e_100yr,0,annual,25116.93002
CHE,mineral-extraction,bauxite-mining,2019,2019,co2e_100yr,0,annual,25116.93002
CHE,mineral-extraction,bauxite-mining,2020,2020,co2e_100yr,0,annual,25116.93002
CHE,mineral-extraction,bauxite-mining,2021,2021,co2e_100yr,0,annual,25116.93002
CHE,mineral-extraction,bauxite-mining,2022,2022,co2e_100yr,0,annual,25116.93002
CHE,mineral-extraction,bauxite-mining,2023,2023,co2e_100yr,0,annual,25116.93002
CHE,mineral-extraction,bauxite-mining,2024,2024,co2e_100yr,0,annual,25116.93002
CHE,mineral-extraction,bauxite-mining,2025,2025,co2e_100yr,0,annual,25116.93002
CHL,mineral-extraction,bauxite-mining,2015,2015,co2e_100yr,0,annual,25116.93002
CHL,mineral-extraction,bauxite-mining,2016,2016,co2e_100yr,0,annual,25116.93002
CHL,mineral-extraction,bauxite-mining,2017,2017,co2e_100yr,0,annual,25116.93002
CHL,mineral-extraction,bauxite-mining,2018,2018,co2e_100yr,0,annual,25116.93002
CHL,mineral-extraction,bauxite-mining,2019,2019,co2e_100yr,0,annual,25116.93002
CHL,mineral-extraction,bauxite-mining,2020,2020,co2e_100yr,0,annual,25116.93002
CHL,mineral-extraction,bauxite-mining,2021,2021,co2e_100yr,0,annual,25116.93002
CHL,mineral-extraction,bauxite-mining,2022,2022,co2e_100yr,0,annual,25116.93002
CHL,mineral-extraction,bauxite-mining,2023,2023,co2e_100yr,0,annual,25116.93002
CHL,mineral-extraction,bauxite-mining,2024,2024,co2e_100yr,0,annual,25116.93002
CHL,mineral-extraction,bauxite-mining,2025,2025,co2e_100yr,0,annual,25116.93002
CHN,mineral-extraction,bauxite-mining,2015,2015,co2e_100yr,0,annual,25116.93002
CHN,mineral-extraction,bauxite-mining,2016,2016,co2e_100yr,0,annual,25116.93002
CHN,mineral-extraction,bauxite-mining,2017,2017,co2e_100yr,0,annual,25116.93002
CHN,mineral-extraction,bauxite-mining,2018,2018,co2e_100yr,4550.45,annual,4550.448918
CHN,mineral-extraction,bauxite-mining,2019,2019,co2e_100yr,8532.09,annual,8532.091722
CHN,mineral-extraction,bauxite-mining,2020,2020,co2e_100yr,249233.21,annual,249233.2145
CHN,mineral-extraction,bauxite-mining,2021,2021,co2e_100yr,157651.89,annual,157651.8899
CHN,mineral-extraction,bauxite-mining,2022,2022,co2e_100yr,171368.89,annual,171368.8899
CHN,mineral-extraction,bauxite-mining,2023,2023,co2e_100yr,161445.89,annual,161445.8899
CHN,mineral-extraction,bauxite-mining,2024,2024,co2e_100yr,161427.89,annual,161427.8899
CHN,mineral-extraction,bauxite-mining,2025,2025,co2e_100yr,147620.68,annual,147620.676
CIV,mineral-extraction,bauxite-mining,2015,2015,co2e_100yr,0,annual,25116.93002
CIV,mineral-extraction,bauxite-mining,2016,2016,co2e_100yr,0,annual,25116.93002
CIV,mineral-extraction,bauxite-mining,2017,2017,co2e_100yr,0,annual,25116.93002
CIV,mineral-extraction,bauxite-mining,2018,2018,co2e_100yr,0,annual,25116.93002
CIV,mineral-extraction,bauxite-mining,2019,2019,co2e_100yr,0,annual,25116.93002
CIV,mineral-extraction,bauxite-mining,2020,2020,co2e_100yr,0,annual,25116.93002
CIV,mineral-extraction,bauxite-mining,2021,2021,co2e_100yr,0,annual,25116.93002
CIV,mineral-extraction,bauxite-mining,2022,2022,co2e_100yr,0,annual,25116.93002
CIV,mineral-extraction,bauxite-mining,2023,2023,co2e_100yr,0,annual,25116.93002
CIV,mineral-extraction,bauxite-mining,2024,2024,co2e_100yr,0,annual,25116.93002
CIV,mineral-extraction,bauxite-mining,2025,2025,co2e_100yr,0,annual,25116.93002
CMR,mineral-extraction,bauxite-mining,2015,2015,co2e_100yr,0,annual,25116.93002
CMR,mineral-extraction,bauxite-mining,2016,2016,co2e_100yr,0,annual,25116.93002
CMR,mineral-extraction,bauxite-mining,2017,2017,co2e_100yr,0,annual,25116.93002
CMR,mineral-extraction,bauxite-mining,2018,2018,co2e_100yr,0,annual,25116.93002
CMR,mineral-extraction,bauxite-mining,2019,2019,co2e_100yr,0,annual,25116.93002
CMR,mineral-extraction,bauxite-mining,2020,2020,co2e_100yr,0,annual,25116.93002
CMR,mineral-extraction,bauxite-mining,2021,2021,co2e_100yr,0,annual,25116.93002
CMR,mineral-extraction,bauxite-mining,2022,2022,co2e_100yr,0,annual,25116.93002
CMR,mineral-extraction,bauxite-mining,2023,2023,co2e_100yr,0,annual,25116.93002
CMR,mineral-extraction,bauxite-mining,2024,2024,co2e_100yr,0,annual,25116.93002
CMR,mineral-extraction,bauxite-mining,2025,2025,co2e_100yr,0,annual,25116.93002
COD,mineral-extraction,bauxite-mining,2015,2015,co2e_100yr,0,annual,25116.93002
COD,mineral-extraction,bauxite-mining,2016,2016,co2e_100yr,0,annual,25116.93002
COD,mineral-extraction,bauxite-mining,2017,2017,co2e_100yr,0,annual,25116.93002
COD,mineral-extraction,bauxite-mining,2018,2018,co2e_100yr,0,annual,25116.93002
COD,mineral-extraction,bauxite-mining,2019,2019,co2e_100yr,0,annual,25116.93002
COD,mineral-extraction,bauxite-mining,2020,2020,co2e_100yr,0,annual,25116.93002
COD,mineral-extraction,bauxite-mining,2021,2021,co2e_100yr,0,annual,25116.93002
COD,mineral-extraction,bauxite-mining,2022,2022,co2e_100yr,0,annual,25116.93002
COD,mineral-extraction,bauxite-mining,2023,2023,co2e_100yr,0,annual,25116.93002
COD,mineral-extraction,bauxite-mining,2024,2024,co2e_100yr,0,annual,25116.93002
COD,mineral-extraction,bauxite-mining,2025,2025,co2e_100yr,0,annual,25116.93002
COG,mineral-extraction,bauxite-mining,2015,2015,co2e_100yr,0,annual,25116.93002
COG,mineral-extraction,bauxite-mining,2016,2016,co2e_100yr,0,annual,25116.93002
COG,mineral-extraction,bauxite-mining,2017,2017,co2e_100yr,0,annual,25116.93002
COG,mineral-extraction,bauxite-mining,2018,2018,co2e_100yr,0,annual,25116.93002
COG,mineral-extraction,bauxite-mining,2019,2019,co2e_100yr,0,annual,25116.93002
COG,mineral-extraction,bauxite-mining,2020,2020,co2e_100yr,0,annual,25116.93002
COG,mineral-extraction,bauxite-mining,2021,2021,co2e_100yr,0,annual,25116.93002
COG,mineral-extraction,bauxite-mining,2022,2022,co2e_100yr,0,annual,25116.93002
COG,mineral-extraction,bauxite-mining,2023,2023,co2e_100yr,0,annual,25116.93002
COG,mineral-extraction,bauxite-mining,2024,2024,co2e_100yr,0,annual,25116.93002
COG,mineral-extraction,bauxite-mining,2025,2025,co2e_100yr,0,annual,25116.93002
COK,mineral-extraction,bauxite-mining,2015,2015,co2e_100yr,0,annual,25116.93002
COK,mineral-extraction,bauxite-mining,2016,2016,co2e_100yr,0,annual,25116.93002
COK,mineral-extraction,bauxite-mining,2017,2017,co2e_100yr,0,annual,25116.93002
COK,mineral-extraction,bauxite-mining,2018,2018,co2e_100yr,0,annual,25116.93002
COK,mineral-extraction,bauxite-mining,2019,2019,co2e_100yr,0,annual,25116.93002
COK,mineral-extraction,bauxite-mining,2020,2020,co2e_100yr,0,annual,25116.93002
COK,mineral-extraction,bauxite-mining,2021,2021,co2e_100yr,0,annual,25116.93002
COK,mineral-extraction,bauxite-mining,2022,2022,co2e_100yr,0,annual,25116.93002
COK,mineral-extraction,bauxite-mining,2023,2023,co2e_100yr,0,annual,25116.93002
COK,mineral-extraction,bauxite-mining,2024,2024,co2e_100yr,0,annual,25116.93002
COK,mineral-extraction,bauxite-mining,2025,2025,co2e_100yr,0,annual,25116.93002
COL,mineral-extraction,bauxite-mining,2015,2015,co2e_100yr,0,annual,25116.93002
COL,mineral-extraction,bauxite-mining,2016,2016,co2e_100yr,0,annual,25116.93002
COL,mineral-extraction,bauxite-mining,2017,2017,co2e_100yr,0,annual,25116.93002
COL,mineral-extraction,bauxite-mining,2018,2018,co2e_100yr,0,annual,25116.93002
COL,mineral-extraction,bauxite-mining,2019,2019,co2e_100yr,0,annual,25116.93002
COL,mineral-extraction,bauxite-mining,2020,2020,co2e_100yr,0,annual,25116.93002
COL,mineral-extraction,bauxite-mining,2021,2021,co2e_100yr,0,annual,25116.93002
COL,mineral-extraction,bauxite-mining,2022,2022,co2e_100yr,0,annual,25116.93002
COL,mineral-extraction,bauxite-mining,2023,2023,co2e_100yr,0,annual,25116.93002
COL,mineral-extraction,bauxite-mining,2024,2024,co2e_100yr,0,annual,25116.93002
COL,mineral-extraction,bauxite-mining,2025,2025,co2e_100yr,0,annual,25116.93002
COM,mineral-extraction,bauxite-mining,2015,2015,co2e_100yr,0,annual,25116.93002
COM,mineral-extraction,bauxite-mining,2016,2016,co2e_100yr,0,annual,25116.93002
COM,mineral-extraction,bauxite-mining,2017,2017,co2e_100yr,0,annual,25116.93002
COM,mineral-extraction,bauxite-mining,2018,2018,co2e_100yr,0,annual,25116.93002
COM,mineral-extraction,bauxite-mining,2019,2019,co2e_100yr,0,annual,25116.93002
COM,mineral-extraction,bauxite-mining,2020,2020,co2e_100yr,0,annual,25116.93002
COM,mineral-extraction,bauxite-mining,2021,2021,co2e_100yr,0,annual,25116.93002
COM,mineral-extraction,bauxite-mining,2022,2022,co2e_100yr,0,annual,25116.93002
COM,mineral-extraction,bauxite-mining,2023,2023,co2e_100yr,0,annual,25116.93002
COM,mineral-extraction,bauxite-mining,2024,2024,co2e_100yr,0,annual,25116.93002
COM,mineral-extraction,bauxite-mining,2025,2025,co2e_100yr,0,annual,25116.93002
CPV,mineral-extraction,bauxite-mining,2015,2015,co2e_100yr,0,annual,25116.93002
CPV,mineral-extraction,bauxite-mining,2016,2016,co2e_100yr,0,annual,25116.93002
CPV,mineral-extraction,bauxite-mining,2017,2017,co2e_100yr,0,annual,25116.93002
CPV,mineral-extraction,bauxite-mining,2018,2018,co2e_100yr,0,annual,25116.93002
CPV,mineral-extraction,bauxite-mining,2019,2019,co2e_100yr,0,annual,25116.93002
CPV,mineral-extraction,bauxite-mining,2020,2020,co2e_100yr,0,annual,25116.93002
CPV,mineral-extraction,bauxite-mining,2021,2021,co2e_100yr,0,annual,25116.93002
CPV,mineral-extraction,bauxite-mining,2022,2022,co2e_100yr,0,annual,25116.93002
CPV,mineral-extraction,bauxite-mining,2023,2023,co2e_100yr,0,annual,25116.93002
CPV,mineral-extraction,bauxite-mining,2024,2024,co2e_100yr,0,annual,25116.93002
CPV,mineral-extraction,bauxite-mining,2025,2025,co2e_100yr,0,annual,25116.93002
CRI,mineral-extraction,bauxite-mining,2015,2015,co2e_100yr,0,annual,25116.93002
CRI,mineral-extraction,bauxite-mining,2016,2016,co2e_100yr,0,annual,25116.93002
CRI,mineral-extraction,bauxite-mining,2017,2017,co2e_100yr,0,annual,25116.93002
CRI,mineral-extraction,bauxite-mining,2018,2018,co2e_100yr,0,annual,25116.93002
CRI,mineral-extraction,bauxite-mining,2019,2019,co2e_100yr,0,annual,25116.93002
CRI,mineral-extraction,bauxite-mining,2020,2020,co2e_100yr,0,annual,25116.93002
CRI,mineral-extraction,bauxite-mining,2021,2021,co2e_100yr,0,annual,25116.93002
CRI,mineral-extraction,bauxite-mining,2022,2022,co2e_100yr,0,annual,25116.93002
CRI,mineral-extraction,bauxite-mining,2023,2023,co2e_100yr,0,annual,25116.93002
CRI,mineral-extraction,bauxite-mining,2024,2024,co2e_100yr,0,annual,25116.93002
CRI,mineral-extraction,bauxite-mining,2025,2025,co2e_100yr,0,annual,25116.93002
CUB,mineral-extraction,bauxite-mining,2015,2015,co2e_100yr,0,annual,25116.93002
CUB,mineral-extraction,bauxite-mining,2016,2016,co2e_100yr,0,annual,25116.93002
CUB,mineral-extraction,bauxite-mining,2017,2017,co2e_100yr,0,annual,25116.93002
CUB,mineral-extraction,bauxite-mining,2018,2018,co2e_100yr,0,annual,25116.93002
CUB,mineral-extraction,bauxite-mining,2019,2019,co2e_100yr,0,annual,25116.93002
CUB,mineral-extraction,bauxite-mining,2020,2020,co2e_100yr,0,annual,25116.93002
CUB,mineral-extraction,bauxite-mining,2021,2021,co2e_100yr,0,annual,25116.93002
CUB,mineral-extraction,bauxite-mining,2022,2022,co2e_100yr,0,annual,25116.93002
CUB,mineral-extraction,bauxite-mining,2023,2023,co2e_100yr,0,annual,25116.93002
CUB,mineral-extraction,bauxite-mining,2024,2024,co2e_100yr,0,annual,25116.93002
CUB,mineral-extraction,bauxite-mining,2025,2025,co2e_100yr,0,annual,25116.93002
CUW,mineral-extraction,bauxite-mining,2015,2015,co2e_100yr,0,annual,25116.93002
CUW,mineral-extraction,bauxite-mining,2016,2016,co2e_100yr,0,annual,25116.93002
CUW,mineral-extraction,bauxite-mining,2017,2017,co2e_100yr,0,annual,25116.93002
CUW,mineral-extraction,bauxite-mining,2018,2018,co2e_100yr,0,annual,25116.93002
CUW,mineral-extraction,bauxite-mining,2019,2019,co2e_100yr,0,annual,25116.93002
CUW,mineral-extraction,bauxite-mining,2020,2020,co2e_100yr,0,annual,25116.93002
CUW,mineral-extraction,bauxite-mining,2021,2021,co2e_100yr,0,annual,25116.93002
CUW,mineral-extraction,bauxite-mining,2022,2022,co2e_100yr,0,annual,25116.93002
CUW,mineral-extraction,bauxite-mining,2023,2023,co2e_100yr,0,annual,25116.93002
CUW,mineral-extraction,bauxite-mining,2024,2024,co2e_100yr,0,annual,25116.93002
CUW,mineral-extraction,bauxite-mining,2025,2025,co2e_100yr,0,annual,25116.93002
CXR,mineral-extraction,bauxite-mining,2015,2015,co2e_100yr,0,annual,25116.93002
CXR,mineral-extraction,bauxite-mining,2016,2016,co2e_100yr,0,annual,25116.93002
CXR,mineral-extraction,bauxite-mining,2017,2017,co2e_100yr,0,annual,25116.93002
CXR,mineral-extraction,bauxite-mining,2018,2018,co2e_100yr,0,annual,25116.93002
CXR,mineral-extraction,bauxite-mining,2019,2019,co2e_100yr,0,annual,25116.93002
CXR,mineral-extraction,bauxite-mining,2020,2020,co2e_100yr,0,annual,25116.93002
CXR,mineral-extraction,bauxite-mining,2021,2021,co2e_100yr,0,annual,25116.93002
CXR,mineral-extraction,bauxite-mining,2022,2022,co2e_100yr,0,annual,25116.93002
CXR,mineral-extraction,bauxite-mining,2023,2023,co2e_100yr,0,annual,25116.93002
CXR,mineral-extraction,bauxite-mining,2024,2024,co2e_100yr,0,annual,25116.93002
CXR,mineral-extraction,bauxite-mining,2025,2025,co2e_100yr,0,annual,25116.93002
CYM,mineral-extraction,bauxite-mining,2015,2015,co2e_100yr,0,annual,25116.93002
CYM,mineral-extraction,bauxite-mining,2016,2016,co2e_100yr,0,annual,25116.93002
CYM,mineral-extraction,bauxite-mining,2017,2017,co2e_100yr,0,annual,25116.93002
CYM,mineral-extraction,bauxite-mining,2018,2018,co2e_100yr,0,annual,25116.93002
CYM,mineral-extraction,bauxite-mining,2019,2019,co2e_100yr,0,annual,25116.93002
CYM,mineral-extraction,bauxite-mining,2020,2020,co2e_100yr,0,annual,25116.93002
CYM,mineral-extraction,bauxite-mining,2021,2021,co2e_100yr,0,annual,25116.93002
CYM,mineral-extraction,bauxite-mining,2022,2022,co2e_100yr,0,annual,25116.93002
CYM,mineral-extraction,bauxite-mining,2023,2023,co2e_100yr,0,annual,25116.93002
CYM,mineral-extraction,bauxite-mining,2024,2024,co2e_100yr,0,annual,25116.93002
CYM,mineral-extraction,bauxite-mining,2025,2025,co2e_100yr,0,annual,25116.93002
CYP,mineral-extraction,bauxite-mining,2015,2015,co2e_100yr,0,annual,25116.93002
CYP,mineral-extraction,bauxite-mining,2016,2016,co2e_100yr,0,annual,25116.93002
CYP,mineral-extraction,bauxite-mining,2017,2017,co2e_100yr,0,annual,25116.93002
CYP,mineral-extraction,bauxite-mining,2018,2018,co2e_100yr,0,annual,25116.93002
CYP,mineral-extraction,bauxite-mining,2019,2019,co2e_100yr,0,annual,25116.93002
CYP,mineral-extraction,bauxite-mining,2020,2020,co2e_100yr,0,annual,25116.93002
CYP,mineral-extraction,bauxite-mining,2021,2021,co2e_100yr,0,annual,25116.93002
CYP,mineral-extraction,bauxite-mining,2022,2022,co2e_100yr,0,annual,25116.93002
CYP,mineral-extraction,bauxite-mining,2023,2023,co2e_100yr,0,annual,25116.93002
CYP,mineral-extraction,bauxite-mining,2024,2024,co2e_100yr,0,annual,25116.93002
CYP,mineral-extraction,bauxite-mining,2025,2025,co2e_100yr,0,annual,25116.93002
CZE,mineral-extraction,bauxite-mining,2015,2015,co2e_100yr,0,annual,25116.93002
CZE,mineral-extraction,bauxite-mining,2016,2016,co2e_100yr,0,annual,25116.93002
CZE,mineral-extraction,bauxite-mining,2017,2017,co2e_100yr,0,annual,25116.93002
CZE,mineral-extraction,bauxite-mining,2018,2018,co2e_100yr,0,annual,25116.93002
CZE,mineral-extraction,bauxite-mining,2019,2019,co2e_100yr,0,annual,25116.93002
CZE,mineral-extraction,bauxite-mining,2020,2020,co2e_100yr,0,annual,25116.93002
CZE,mineral-extraction,bauxite-mining,2021,2021,co2e_100yr,0,annual,25116.93002
CZE,mineral-extraction,bauxite-mining,2022,2022,co2e_100yr,0,annual,25116.93002
CZE,mineral-extraction,bauxite-mining,2023,2023,co2e_100yr,0,annual,25116.93002
CZE,mineral-extraction,bauxite-mining,2024,2024,co2e_100yr,0,annual,25116.93002
CZE,mineral-extraction,bauxite-mining,2025,2025,co2e_100yr,0,annual,25116.93002
DEU,mineral-extraction,bauxite-mining,2015,2015,co2e_100yr,0,annual,25116.93002
DEU,mineral-extraction,bauxite-mining,2016,2016,co2e_100yr,0,annual,25116.93002
DEU,mineral-extraction,bauxite-mining,2017,2017,co2e_100yr,0,annual,25116.93002
DEU,mineral-extraction,bauxite-mining,2018,2018,co2e_100yr,0,annual,25116.93002
DEU,mineral-extraction,bauxite-mining,2019,2019,co2e_100yr,0,annual,25116.93002
DEU,mineral-extraction,bauxite-mining,2020,2020,co2e_100yr,0,annual,25116.93002
DEU,mineral-extraction,bauxite-mining,2021,2021,co2e_100yr,0,annual,25116.93002
DEU,mineral-extraction,bauxite-mining,2022,2022,co2e_100yr,0,annual,25116.93002
DEU,mineral-extraction,bauxite-mining,2023,2023,co2e_100yr,0,annual,25116.93002
DEU,mineral-extraction,bauxite-mining,2024,2024,co2e_100yr,0,annual,25116.93002
DEU,mineral-extraction,bauxite-mining,2025,2025,co2e_100yr,0,annual,25116.93002
DJI,mineral-extraction,bauxite-mining,2015,2015,co2e_100yr,0,annual,25116.93002
DJI,mineral-extraction,bauxite-mining,2016,2016,co2e_100yr,0,annual,25116.93002
DJI,mineral-extraction,bauxite-mining,2017,2017,co2e_100yr,0,annual,25116.93002
DJI,mineral-extraction,bauxite-mining,2018,2018,co2e_100yr,0,annual,25116.93002
DJI,mineral-extraction,bauxite-mining,2019,2019,co2e_100yr,0,annual,25116.93002
DJI,mineral-extraction,bauxite-mining,2020,2020,co2e_100yr,0,annual,25116.93002
DJI,mineral-extraction,bauxite-mining,2021,2021,co2e_100yr,0,annual,25116.93002
DJI,mineral-extraction,bauxite-mining,2022,2022,co2e_100yr,0,annual,25116.93002
DJI,mineral-extraction,bauxite-mining,2023,2023,co2e_100yr,0,annual,25116.93002
DJI,mineral-extraction,bauxite-mining,2024,2024,co2e_100yr,0,annual,25116.93002
DJI,mineral-extraction,bauxite-mining,2025,2025,co2e_100yr,0,annual,25116.93002
DMA,mineral-extraction,bauxite-mining,2015,2015,co2e_100yr,0,annual,25116.93002
DMA,mineral-extraction,bauxite-mining,2016,2016,co2e_100yr,0,annual,25116.93002
DMA,mineral-extraction,bauxite-mining,2017,2017,co2e_100yr,0,annual,25116.93002
DMA,mineral-extraction,bauxite-mining,2018,2018,co2e_100yr,0,annual,25116.93002
DMA,mineral-extraction,bauxite-mining,2019,2019,co2e_100yr,0,annual,25116.93002
DMA,mineral-extraction,bauxite-mining,2020,2020,co2e_100yr,0,annual,25116.93002
DMA,mineral-extraction,bauxite-mining,2021,2021,co2e_100yr,0,annual,25116.93002
DMA,mineral-extraction,bauxite-mining,2022,2022,co2e_100yr,0,annual,25116.93002
DMA,mineral-extraction,bauxite-mining,2023,2023,co2e_100yr,0,annual,25116.93002
DMA,mineral-extraction,bauxite-mining,2024,2024,co2e_100yr,0,annual,25116.93002
DMA,mineral-extraction,bauxite-mining,2025,2025,co2e_100yr,0,annual,25116.93002
DNK,mineral-extraction,bauxite-mining,2015,2015,co2e_100yr,0,annual,25116.93002
DNK,mineral-extraction,bauxite-mining,2016,2016,co2e_100yr,0,annual,25116.93002
DNK,mineral-extraction,bauxite-mining,2017,2017,co2e_100yr,0,annual,25116.93002
DNK,mineral-extraction,bauxite-mining,2018,2018,co2e_100yr,0,annual,25116.93002
DNK,mineral-extraction,bauxite-mining,2019,2019,co2e_100yr,0,annual,25116.93002
DNK,mineral-extraction,bauxite-mining,2020,2020,co2e_100yr,0,annual,25116.93002
DNK,mineral-extraction,bauxite-mining,2021,2021,co2e_100yr,0,annual,25116.93002
DNK,mineral-extraction,bauxite-mining,2022,2022,co2e_100yr,0,annual,25116.93002
DNK,mineral-extraction,bauxite-mining,2023,2023,co2e_100yr,0,annual,25116.93002
DNK,mineral-extraction,bauxite-mining,2024,2024,co2e_100yr,0,annual,25116.93002
DNK,mineral-extraction,bauxite-mining,2025,2025,co2e_100yr,0,annual,25116.93002
DOM,mineral-extraction,bauxite-mining,2015,2015,co2e_100yr,22412,annual,22412
DOM,mineral-extraction,bauxite-mining,2016,2016,co2e_100yr,91,annual,91
DOM,mineral-extraction,bauxite-mining,2017,2017,co2e_100yr,0,annual,25116.93002
DOM,mineral-extraction,bauxite-mining,2018,2018,co2e_100yr,0,annual,25116.93002
DOM,mineral-extraction,bauxite-mining,2019,2019,co2e_100yr,0,annual,25116.93002
DOM,mineral-extraction,bauxite-mining,2020,2020,co2e_100yr,0,annual,25116.93002
DOM,mineral-extraction,bauxite-mining,2021,2021,co2e_100yr,2122,annual,2122
DOM,mineral-extraction,bauxite-mining,2022,2022,co2e_100yr,1987,annual,1987
DOM,mineral-extraction,bauxite-mining,2023,2023,co2e_100yr,1667,annual,1667
DOM,mineral-extraction,bauxite-mining,2024,2024,co2e_100yr,1988,annual,1988
DOM,mineral-extraction,bauxite-mining,2025,2025,co2e_100yr,1818.7,annual,1818.697946
DZA,mineral-extraction,bauxite-mining,2015,2015,co2e_100yr,0,annual,25116.93002
DZA,mineral-extraction,bauxite-mining,2016,2016,co2e_100yr,0,annual,25116.93002
DZA,mineral-extraction,bauxite-mining,2017,2017,co2e_100yr,0,annual,25116.93002
DZA,mineral-extraction,bauxite-mining,2018,2018,co2e_100yr,0,annual,25116.93002
DZA,mineral-extraction,bauxite-mining,2019,2019,co2e_100yr,0,annual,25116.93002
DZA,mineral-extraction,bauxite-mining,2020,2020,co2e_100yr,0,annual,25116.93002
DZA,mineral-extraction,bauxite-mining,2021,2021,co2e_100yr,0,annual,25116.93002
DZA,mineral-extraction,bauxite-mining,2022,2022,co2e_100yr,0,annual,25116.93002
DZA,mineral-extraction,bauxite-mining,2023,2023,co2e_100yr,0,annual,25116.93002
DZA,mineral-extraction,bauxite-mining,2024,2024,co2e_100yr,0,annual,25116.93002
DZA,mineral-extraction,bauxite-mining,2025,2025,co2e_100yr,0,annual,25116.93002
ECU,mineral-extraction,bauxite-mining,2015,2015,co2e_100yr,0,annual,25116.93002
ECU,mineral-extraction,bauxite-mining,2016,2016,co2e_100yr,0,annual,25116.93002
ECU,mineral-extraction,bauxite-mining,2017,2017,co2e_100yr,0,annual,25116.93002
ECU,mineral-extraction,bauxite-mining,2018,2018,co2e_100yr,0,annual,25116.93002
ECU,mineral-extraction,bauxite-mining,2019,2019,co2e_100yr,0,annual,25116.93002
ECU,mineral-extraction,bauxite-mining,2020,2020,co2e_100yr,0,annual,25116.93002
ECU,mineral-extraction,bauxite-mining,2021,2021,co2e_100yr,0,annual,25116.93002
ECU,mineral-extraction,bauxite-mining,2022,2022,co2e_100yr,0,annual,25116.93002
ECU,mineral-extraction,bauxite-mining,2023,2023,co2e_100yr,0,annual,25116.93002
ECU,mineral-extraction,bauxite-mining,2024,2024,co2e_100yr,0,annual,25116.93002
ECU,mineral-extraction,bauxite-mining,2025,2025,co2e_100yr,0,annual,25116.93002
EGY,mineral-extraction,bauxite-mining,2015,2015,co2e_100yr,0,annual,25116.93002
EGY,mineral-extraction,bauxite-mining,2016,2016,co2e_100yr,0,annual,25116.93002
EGY,mineral-extraction,bauxite-mining,2017,2017,co2e_100yr,0,annual,25116.93002
EGY,mineral-extraction,bauxite-mining,2018,2018,co2e_100yr,0,annual,25116.93002
EGY,mineral-extraction,bauxite-mining,2019,2019,co2e_100yr,0,annual,25116.93002
EGY,mineral-extraction,bauxite-mining,2020,2020,co2e_100yr,0,annual,25116.93002
EGY,mineral-extraction,bauxite-mining,2021,2021,co2e_100yr,0,annual,25116.93002
EGY,mineral-extraction,bauxite-mining,2022,2022,co2e_100yr,0,annual,25116.93002
EGY,mineral-extraction,bauxite-mining,2023,2023,co2e_100yr,0,annual,25116.93002
EGY,mineral-extraction,bauxite-mining,2024,2024,co2e_100yr,0,annual,25116.93002
EGY,mineral-extraction,bauxite-mining,2025,2025,co2e_100yr,0,annual,25116.93002
ERI,mineral-extraction,bauxite-mining,2015,2015,co2e_100yr,0,annual,25116.93002
ERI,mineral-extraction,bauxite-mining,2016,2016,co2e_100yr,0,annual,25116.93002
ERI,mineral-extraction,bauxite-mining,2017,2017,co2e_100yr,0,annual,25116.93002
ERI,mineral-extraction,bauxite-mining,2018,2018,co2e_100yr,0,annual,25116.93002
ERI,mineral-extraction,bauxite-mining,2019,2019,co2e_100yr,0,annual,25116.93002
ERI,mineral-extraction,bauxite-mining,2020,2020,co2e_100yr,0,annual,25116.93002
ERI,mineral-extraction,bauxite-mining,2021,2021,co2e_100yr,0,annual,25116.93002
ERI,mineral-extraction,bauxite-mining,2022,2022,co2e_100yr,0,annual,25116.93002
ERI,mineral-extraction,bauxite-mining,2023,2023,co2e_100yr,0,annual,25116.93002
ERI,mineral-extraction,bauxite-mining,2024,2024,co2e_100yr,0,annual,25116.93002
ERI,mineral-extraction,bauxite-mining,2025,2025,co2e_100yr,0,annual,25116.93002
ESH,mineral-extraction,bauxite-mining,2015,2015,co2e_100yr,0,annual,25116.93002
ESH,mineral-extraction,bauxite-mining,2016,2016,co2e_100yr,0,annual,25116.93002
ESH,mineral-extraction,bauxite-mining,2017,2017,co2e_100yr,0,annual,25116.93002
ESH,mineral-extraction,bauxite-mining,2018,2018,co2e_100yr,0,annual,25116.93002
ESH,mineral-extraction,bauxite-mining,2019,2019,co2e_100yr,0,annual,25116.93002
ESH,mineral-extraction,bauxite-mining,2020,2020,co2e_100yr,0,annual,25116.93002
ESH,mineral-extraction,bauxite-mining,2021,2021,co2e_100yr,0,annual,25116.93002
ESH,mineral-extraction,bauxite-mining,2022,2022,co2e_100yr,0,annual,25116.93002
ESH,mineral-extraction,bauxite-mining,2023,2023,co2e_100yr,0,annual,25116.93002
ESH,mineral-extraction,bauxite-mining,2024,2024,co2e_100yr,0,annual,25116.93002
ESH,mineral-extraction,bauxite-mining,2025,2025,co2e_100yr,0,annual,25116.93002
ESP,mineral-extraction,bauxite-mining,2015,2015,co2e_100yr,0,annual,25116.93002
ESP,mineral-extraction,bauxite-mining,2016,2016,co2e_100yr,0,annual,25116.93002
ESP,mineral-extraction,bauxite-mining,2017,2017,co2e_100yr,0,annual,25116.93002
ESP,mineral-extraction,bauxite-mining,2018,2018,co2e_100yr,0,annual,25116.93002
ESP,mineral-extraction,bauxite-mining,2019,2019,co2e_100yr,0,annual,25116.93002
ESP,mineral-extraction,bauxite-mining,2020,2020,co2e_100yr,0,annual,25116.93002
ESP,mineral-extraction,bauxite-mining,2021,2021,co2e_100yr,0,annual,25116.93002
ESP,mineral-extraction,bauxite-mining,2022,2022,co2e_100yr,0,annual,25116.93002
ESP,mineral-extraction,bauxite-mining,2023,2023,co2e_100yr,0,annual,25116.93002
ESP,mineral-extraction,bauxite-mining,2024,2024,co2e_100yr,0,annual,25116.93002
ESP,mineral-extraction,bauxite-mining,2025,2025,co2e_100yr,0,annual,25116.93002
EST,mineral-extraction,bauxite-mining,2015,2015,co2e_100yr,0,annual,25116.93002
EST,mineral-extraction,bauxite-mining,2016,2016,co2e_100yr,0,annual,25116.93002
EST,mineral-extraction,bauxite-mining,2017,2017,co2e_100yr,0,annual,25116.93002
EST,mineral-extraction,bauxite-mining,2018,2018,co2e_100yr,0,annual,25116.93002
EST,mineral-extraction,bauxite-mining,2019,2019,co2e_100yr,0,annual,25116.93002
EST,mineral-extraction,bauxite-mining,2020,2020,co2e_100yr,0,annual,25116.93002
EST,mineral-extraction,bauxite-mining,2021,2021,co2e_100yr,0,annual,25116.93002
EST,mineral-extraction,bauxite-mining,2022,2022,co2e_100yr,0,annual,25116.93002
EST,mineral-extraction,bauxite-mining,2023,2023,co2e_100yr,0,annual,25116.93002
EST,mineral-extraction,bauxite-mining,2024,2024,co2e_100yr,0,annual,25116.93002
EST,mineral-extraction,bauxite-mining,2025,2025,co2e_100yr,0,annual,25116.93002
ETH,mineral-extraction,bauxite-mining,2015,2015,co2e_100yr,0,annual,25116.93002
ETH,mineral-extraction,bauxite-mining,2016,2016,co2e_100yr,0,annual,25116.93002
ETH,mineral-extraction,bauxite-mining,2017,2017,co2e_100yr,0,annual,25116.93002
ETH,mineral-extraction,bauxite-mining,2018,2018,co2e_100yr,0,annual,25116.93002
ETH,mineral-extraction,bauxite-mining,2019,2019,co2e_100yr,0,annual,25116.93002
ETH,mineral-extraction,bauxite-mining,2020,2020,co2e_100yr,0,annual,25116.93002
ETH,mineral-extraction,bauxite-mining,2021,2021,co2e_100yr,0,annual,25116.93002
ETH,mineral-extraction,bauxite-mining,2022,2022,co2e_100yr,0,annual,25116.93002
ETH,mineral-extraction,bauxite-mining,2023,2023,co2e_100yr,0,annual,25116.93002
ETH,mineral-extraction,bauxite-mining,2024,2024,co2e_100yr,0,annual,25116.93002
ETH,mineral-extraction,bauxite-mining,2025,2025,co2e_100yr,0,annual,25116.93002
FIN,mineral-extraction,bauxite-mining,2015,2015,co2e_100yr,0,annual,25116.93002
FIN,mineral-extraction,bauxite-mining,2016,2016,co2e_100yr,0,annual,25116.93002
FIN,mineral-extraction,bauxite-mining,2017,2017,co2e_100yr,0,annual,25116.93002
FIN,mineral-extraction,bauxite-mining,2018,2018,co2e_100yr,0,annual,25116.93002
FIN,mineral-extraction,bauxite-mining,2019,2019,co2e_100yr,0,annual,25116.93002
FIN,mineral-extraction,bauxite-mining,2020,2020,co2e_100yr,0,annual,25116.93002
FIN,mineral-extraction,bauxite-mining,2021,2021,co2e_100yr,0,annual,25116.93002
FIN,mineral-extraction,bauxite-mining,2022,2022,co2e_100yr,0,annual,25116.93002
FIN,mineral-extraction,bauxite-mining,2023,2023,co2e_100yr,0,annual,25116.93002
FIN,mineral-extraction,bauxite-mining,2024,2024,co2e_100yr,0,annual,25116.93002
FIN,mineral-extraction,bauxite-mining,2025,2025,co2e_100yr,0,annual,25116.93002
FJI,mineral-extraction,bauxite-mining,2015,2015,co2e_100yr,1597,annual,1597.000012
FJI,mineral-extraction,bauxite-mining,2016,2016,co2e_100yr,1544,annual,1544.000011
FJI,mineral-extraction,bauxite-mining,2017,2017,co2e_100yr,792,annual,792.0000058
FJI,mineral-extraction,bauxite-mining,2018,2018,co2e_100yr,792,annual,792.0000058
FJI,mineral-extraction,bauxite-mining,2019,2019,co2e_100yr,0,annual,25116.93002
FJI,mineral-extraction,bauxite-mining,2020,2020,co2e_100yr,0,annual,25116.93002
FJI,mineral-extraction,bauxite-mining,2021,2021,co2e_100yr,431,annual,431.0000031
FJI,mineral-extraction,bauxite-mining,2022,2022,co2e_100yr,193,annual,193.0000014
FJI,mineral-extraction,bauxite-mining,2023,2023,co2e_100yr,404,annual,404.0000029
FJI,mineral-extraction,bauxite-mining,2024,2024,co2e_100yr,504,annual,504.0000037
FJI,mineral-extraction,bauxite-mining,2025,2025,co2e_100yr,458.03,annual,458.0310763
FLK,mineral-extraction,bauxite-mining,2015,2015,co2e_100yr,0,annual,25116.93002
FLK,mineral-extraction,bauxite-mining,2016,2016,co2e_100yr,0,annual,25116.93002
FLK,mineral-extraction,bauxite-mining,2017,2017,co2e_100yr,0,annual,25116.93002
FLK,mineral-extraction,bauxite-mining,2018,2018,co2e_100yr,0,annual,25116.93002
FLK,mineral-extraction,bauxite-mining,2019,2019,co2e_100yr,0,annual,25116.93002
FLK,mineral-extraction,bauxite-mining,2020,2020,co2e_100yr,0,annual,25116.93002
FLK,mineral-extraction,bauxite-mining,2021,2021,co2e_100yr,0,annual,25116.93002
FLK,mineral-extraction,bauxite-mining,2022,2022,co2e_100yr,0,annual,25116.93002
FLK,mineral-extraction,bauxite-mining,2023,2023,co2e_100yr,0,annual,25116.93002
FLK,mineral-extraction,bauxite-mining,2024,2024,co2e_100yr,0,annual,25116.93002
FLK,mineral-extraction,bauxite-mining,2025,2025,co2e_100yr,0,annual,25116.93002
FRA,mineral-extraction,bauxite-mining,2015,2015,co2e_100yr,0,annual,25116.93002
FRA,mineral-extraction,bauxite-mining,2016,2016,co2e_100yr,0,annual,25116.93002
FRA,mineral-extraction,bauxite-mining,2017,2017,co2e_100yr,0,annual,25116.93002
FRA,mineral-extraction,bauxite-mining,2018,2018,co2e_100yr,0,annual,25116.93002
FRA,mineral-extraction,bauxite-mining,2019,2019,co2e_100yr,0,annual,25116.93002
FRA,mineral-extraction,bauxite-mining,2020,2020,co2e_100yr,0,annual,25116.93002
FRA,mineral-extraction,bauxite-mining,2021,2021,co2e_100yr,0,annual,25116.93002
FRA,mineral-extraction,bauxite-mining,2022,2022,co2e_100yr,0,annual,25116.93002
FRA,mineral-extraction,bauxite-mining,2023,2023,co2e_100yr,0,annual,25116.93002
FRA,mineral-extraction,bauxite-mining,2024,2024,co2e_100yr,0,annual,25116.93002
FRA,mineral-extraction,bauxite-mining,2025,2025,co2e_100yr,0,annual,25116.93002
FRO,mineral-extraction,bauxite-mining,2015,2015,co2e_100yr,0,annual,25116.93002
FRO,mineral-extraction,bauxite-mining,2016,2016,co2e_100yr,0,annual,25116.93002
FRO,mineral-extraction,bauxite-mining,2017,2017,co2e_100yr,0,annual,25116.93002
FRO,mineral-extraction,bauxite-mining,2018,2018,co2e_100yr,0,annual,25116.93002
FRO,mineral-extraction,bauxite-mining,2019,2019,co2e_100yr,0,annual,25116.93002
FRO,mineral-extraction,bauxite-mining,2020,2020,co2e_100yr,0,annual,25116.93002
FRO,mineral-extraction,bauxite-mining,2021,2021,co2e_100yr,0,annual,25116.93002
FRO,mineral-extraction,bauxite-mining,2022,2022,co2e_100yr,0,annual,25116.93002
FRO,mineral-extraction,bauxite-mining,2023,2023,co2e_100yr,0,annual,25116.93002
FRO,mineral-extraction,bauxite-mining,2024,2024,co2e_100yr,0,annual,25116.93002
FRO,mineral-extraction,bauxite-mining,2025,2025,co2e_100yr,0,annual,25116.93002
FSM,mineral-extraction,bauxite-mining,2015,2015,co2e_100yr,0,annual,25116.93002
FSM,mineral-extraction,bauxite-mining,2016,2016,co2e_100yr,0,annual,25116.93002
FSM,mineral-extraction,bauxite-mining,2017,2017,co2e_100yr,0,annual,25116.93002
FSM,mineral-extraction,bauxite-mining,2018,2018,co2e_100yr,0,annual,25116.93002
FSM,mineral-extraction,bauxite-mining,2019,2019,co2e_100yr,0,annual,25116.93002
FSM,mineral-extraction,bauxite-mining,2020,2020,co2e_100yr,0,annual,25116.93002
FSM,mineral-extraction,bauxite-mining,2021,2021,co2e_100yr,0,annual,25116.93002
FSM,mineral-extraction,bauxite-mining,2022,2022,co2e_100yr,0,annual,25116.93002
FSM,mineral-extraction,bauxite-mining,2023,2023,co2e_100yr,0,annual,25116.93002
FSM,mineral-extraction,bauxite-mining,2024,2024,co2e_100yr,0,annual,25116.93002
FSM,mineral-extraction,bauxite-mining,2025,2025,co2e_100yr,0,annual,25116.93002
GAB,mineral-extraction,bauxite-mining,2015,2015,co2e_100yr,0,annual,25116.93002
GAB,mineral-extraction,bauxite-mining,2016,2016,co2e_100yr,0,annual,25116.93002
GAB,mineral-extraction,bauxite-mining,2017,2017,co2e_100yr,0,annual,25116.93002
GAB,mineral-extraction,bauxite-mining,2018,2018,co2e_100yr,0,annual,25116.93002
GAB,mineral-extraction,bauxite-mining,2019,2019,co2e_100yr,0,annual,25116.93002
GAB,mineral-extraction,bauxite-mining,2020,2020,co2e_100yr,0,annual,25116.93002
GAB,mineral-extraction,bauxite-mining,2021,2021,co2e_100yr,0,annual,25116.93002
GAB,mineral-extraction,bauxite-mining,2022,2022,co2e_100yr,0,annual,25116.93002
GAB,mineral-extraction,bauxite-mining,2023,2023,co2e_100yr,0,annual,25116.93002
GAB,mineral-extraction,bauxite-mining,2024,2024,co2e_100yr,0,annual,25116.93002
GAB,mineral-extraction,bauxite-mining,2025,2025,co2e_100yr,0,annual,25116.93002
GBR,mineral-extraction,bauxite-mining,2015,2015,co2e_100yr,0,annual,25116.93002
GBR,mineral-extraction,bauxite-mining,2016,2016,co2e_100yr,0,annual,25116.93002
GBR,mineral-extraction,bauxite-mining,2017,2017,co2e_100yr,0,annual,25116.93002
GBR,mineral-extraction,bauxite-mining,2018,2018,co2e_100yr,0,annual,25116.93002
GBR,mineral-extraction,bauxite-mining,2019,2019,co2e_100yr,0,annual,25116.93002
GBR,mineral-extraction,bauxite-mining,2020,2020,co2e_100yr,0,annual,25116.93002
GBR,mineral-extraction,bauxite-mining,2021,2021,co2e_100yr,0,annual,25116.93002
GBR,mineral-extraction,bauxite-mining,2022,2022,co2e_100yr,0,annual,25116.93002
GBR,mineral-extraction,bauxite-mining,2023,2023,co2e_100yr,0,annual,25116.93002
GBR,mineral-extraction,bauxite-mining,2024,2024,co2e_100yr,0,annual,25116.93002
GBR,mineral-extraction,bauxite-mining,2025,2025,co2e_100yr,0,annual,25116.93002
GEO,mineral-extraction,bauxite-mining,2015,2015,co2e_100yr,0,annual,25116.93002
GEO,mineral-extraction,bauxite-mining,2016,2016,co2e_100yr,0,annual,25116.93002
GEO,mineral-extraction,bauxite-mining,2017,2017,co2e_100yr,0,annual,25116.93002
GEO,mineral-extraction,bauxite-mining,2018,2018,co2e_100yr,0,annual,25116.93002
GEO,mineral-extraction,bauxite-mining,2019,2019,co2e_100yr,0,annual,25116.93002
GEO,mineral-extraction,bauxite-mining,2020,2020,co2e_100yr,0,annual,25116.93002
GEO,mineral-extraction,bauxite-mining,2021,2021,co2e_100yr,0,annual,25116.93002
GEO,mineral-extraction,bauxite-mining,2022,2022,co2e_100yr,0,annual,25116.93002
GEO,mineral-extraction,bauxite-mining,2023,2023,co2e_100yr,0,annual,25116.93002
GEO,mineral-extraction,bauxite-mining,2024,2024,co2e_100yr,0,annual,25116.93002
GEO,mineral-extraction,bauxite-mining,2025,2025,co2e_100yr,0,annual,25116.93002
GGY,mineral-extraction,bauxite-mining,2015,2015,co2e_100yr,0,annual,25116.93002
GGY,mineral-extraction,bauxite-mining,2016,2016,co2e_100yr,0,annual,25116.93002
GGY,mineral-extraction,bauxite-mining,2017,2017,co2e_100yr,0,annual,25116.93002
GGY,mineral-extraction,bauxite-mining,2018,2018,co2e_100yr,0,annual,25116.93002
GGY,mineral-extraction,bauxite-mining,2019,2019,co2e_100yr,0,annual,25116.93002
GGY,mineral-extraction,bauxite-mining,2020,2020,co2e_100yr,0,annual,25116.93002
GGY,mineral-extraction,bauxite-mining,2021,2021,co2e_100yr,0,annual,25116.93002
GGY,mineral-extraction,bauxite-mining,2022,2022,co2e_100yr,0,annual,25116.93002
GGY,mineral-extraction,bauxite-mining,2023,2023,co2e_100yr,0,annual,25116.93002
GGY,mineral-extraction,bauxite-mining,2024,2024,co2e_100yr,0,annual,25116.93002
GGY,mineral-extraction,bauxite-mining,2025,2025,co2e_100yr,0,annual,25116.93002
GHA,mineral-extraction,bauxite-mining,2015,2015,co2e_100yr,17811,annual,17811
GHA,mineral-extraction,bauxite-mining,2016,2016,co2e_100yr,19860,annual,19860
GHA,mineral-extraction,bauxite-mining,2017,2017,co2e_100yr,25641,annual,25641
GHA,mineral-extraction,bauxite-mining,2018,2018,co2e_100yr,17551,annual,17551
GHA,mineral-extraction,bauxite-mining,2019,2019,co2e_100yr,20832,annual,20832
GHA,mineral-extraction,bauxite-mining,2020,2020,co2e_100yr,20880,annual,20880
GHA,mineral-extraction,bauxite-mining,2021,2021,co2e_100yr,20347,annual,20347
GHA,mineral-extraction,bauxite-mining,2022,2022,co2e_100yr,26250,annual,26250
GHA,mineral-extraction,bauxite-mining,2023,2023,co2e_100yr,26850,annual,26850
GHA,mineral-extraction,bauxite-mining,2024,2024,co2e_100yr,29372,annual,29372
GHA,mineral-extraction,bauxite-mining,2025,2025,co2e_100yr,26870.62,annual,26870.62177
GIB,mineral-extraction,bauxite-mining,2015,2015,co2e_100yr,0,annual,25116.93002
GIB,mineral-extraction,bauxite-mining,2016,2016,co2e_100yr,0,annual,25116.93002
GIB,mineral-extraction,bauxite-mining,2017,2017,co2e_100yr,0,annual,25116.93002
GIB,mineral-extraction,bauxite-mining,2018,2018,co2e_100yr,0,annual,25116.93002
GIB,mineral-extraction,bauxite-mining,2019,2019,co2e_100yr,0,annual,25116.93002
GIB,mineral-extraction,bauxite-mining,2020,2020,co2e_100yr,0,annual,25116.93002
GIB,mineral-extraction,bauxite-mining,2021,2021,co2e_100yr,0,annual,25116.93002
GIB,mineral-extraction,bauxite-mining,2022,2022,co2e_100yr,0,annual,25116.93002
GIB,mineral-extraction,bauxite-mining,2023,2023,co2e_100yr,0,annual,25116.93002
GIB,mineral-extraction,bauxite-mining,2024,2024,co2e_100yr,0,annual,25116.93002
GIB,mineral-extraction,bauxite-mining,2025,2025,co2e_100yr,0,annual,25116.93002
GIN,mineral-extraction,bauxite-mining,2015,2015,co2e_100yr,621230.12,annual,621230.1169
GIN,mineral-extraction,bauxite-mining,2016,2016,co2e_100yr,1200316.61,annual,1200316.612
GIN,mineral-extraction,bauxite-mining,2017,2017,co2e_100yr,1758940.15,annual,1758940.153
GIN,mineral-extraction,bauxite-mining,2018,2018,co2e_100yr,2172001.49,annual,2172001.489
GIN,mineral-extraction,bauxite-mining,2019,2019,co2e_100yr,2553054.38,annual,2553054.381
GIN,mineral-extraction,bauxite-mining,2020,2020,co2e_100yr,3429117.76,annual,3429117.762
GIN,mineral-extraction,bauxite-mining,2021,2021,co2e_100yr,3749759.38,annual,3749759.382
GIN,mineral-extraction,bauxite-mining,2022,2022,co2e_100yr,3768094.38,annual,3768094.382
GIN,mineral-extraction,bauxite-mining,2023,2023,co2e_100yr,3686541.38,annual,3686541.382
GIN,mineral-extraction,bauxite-mining,2024,2024,co2e_100yr,3451905.38,annual,3451905.382
GIN,mineral-extraction,bauxite-mining,2025,2025,co2e_100yr,3157934.22,annual,3157934.219
GLP,mineral-extraction,bauxite-mining,2015,2015,co2e_100yr,0,annual,25116.93002
GLP,mineral-extraction,bauxite-mining,2016,2016,co2e_100yr,0,annual,25116.93002
GLP,mineral-extraction,bauxite-mining,2017,2017,co2e_100yr,0,annual,25116.93002
GLP,mineral-extraction,bauxite-mining,2018,2018,co2e_100yr,0,annual,25116.93002
GLP,mineral-extraction,bauxite-mining,2019,2019,co2e_100yr,0,annual,25116.93002
GLP,mineral-extraction,bauxite-mining,2020,2020,co2e_100yr,0,annual,25116.93002
GLP,mineral-extraction,bauxite-mining,2021,2021,co2e_100yr,0,annual,25116.93002
GLP,mineral-extraction,bauxite-mining,2022,2022,co2e_100yr,0,annual,25116.93002
GLP,mineral-extraction,bauxite-mining,2023,2023,co2e_100yr,0,annual,25116.93002
GLP,mineral-extraction,bauxite-mining,2024,2024,co2e_100yr,0,annual,25116.93002
GLP,mineral-extraction,bauxite-mining,2025,2025,co2e_100yr,0,annual,25116.93002
GMB,mineral-extraction,bauxite-mining,2015,2015,co2e_100yr,0,annual,25116.93002
GMB,mineral-extraction,bauxite-mining,2016,2016,co2e_100yr,0,annual,25116.93002
GMB,mineral-extraction,bauxite-mining,2017,2017,co2e_100yr,0,annual,25116.93002
GMB,mineral-extraction,bauxite-mining,2018,2018,co2e_100yr,0,annual,25116.93002
GMB,mineral-extraction,bauxite-mining,2019,2019,co2e_100yr,0,annual,25116.93002
GMB,mineral-extraction,bauxite-mining,2020,2020,co2e_100yr,0,annual,25116.93002
GMB,mineral-extraction,bauxite-mining,2021,2021,co2e_100yr,0,annual,25116.93002
GMB,mineral-extraction,bauxite-mining,2022,2022,co2e_100yr,0,annual,25116.93002
GMB,mineral-extraction,bauxite-mining,2023,2023,co2e_100yr,0,annual,25116.93002
GMB,mineral-extraction,bauxite-mining,2024,2024,co2e_100yr,0,annual,25116.93002
GMB,mineral-extraction,bauxite-mining,2025,2025,co2e_100yr,0,annual,25116.93002
GNB,mineral-extraction,bauxite-mining,2015,2015,co2e_100yr,0,annual,25116.93002
GNB,mineral-extraction,bauxite-mining,2016,2016,co2e_100yr,0,annual,25116.93002
GNB,mineral-extraction,bauxite-mining,2017,2017,co2e_100yr,0,annual,25116.93002
GNB,mineral-extraction,bauxite-mining,2018,2018,co2e_100yr,0,annual,25116.93002
GNB,mineral-extraction,bauxite-mining,2019,2019,co2e_100yr,0,annual,25116.93002
GNB,mineral-extraction,bauxite-mining,2020,2020,co2e_100yr,0,annual,25116.93002
GNB,mineral-extraction,bauxite-mining,2021,2021,co2e_100yr,0,annual,25116.93002
GNB,mineral-extraction,bauxite-mining,2022,2022,co2e_100yr,0,annual,25116.93002
GNB,mineral-extraction,bauxite-mining,2023,2023,co2e_100yr,0,annual,25116.93002
GNB,mineral-extraction,bauxite-mining,2024,2024,co2e_100yr,0,annual,25116.93002
GNB,mineral-extraction,bauxite-mining,2025,2025,co2e_100yr,0,annual,25116.93002
GNQ,mineral-extraction,bauxite-mining,2015,2015,co2e_100yr,0,annual,25116.93002
GNQ,mineral-extraction,bauxite-mining,2016,2016,co2e_100yr,0,annual,25116.93002
GNQ,mineral-extraction,bauxite-mining,2017,2017,co2e_100yr,0,annual,25116.93002
GNQ,mineral-extraction,bauxite-mining,2018,2018,co2e_100yr,0,annual,25116.93002
GNQ,mineral-extraction,bauxite-mining,2019,2019,co2e_100yr,0,annual,25116.93002
GNQ,mineral-extraction,bauxite-mining,2020,2020,co2e_100yr,0,annual,25116.93002
GNQ,mineral-extraction,bauxite-mining,2021,2021,co2e_100yr,0,annual,25116.93002
GNQ,mineral-extraction,bauxite-mining,2022,2022,co2e_100yr,0,annual,25116.93002
GNQ,mineral-extraction,bauxite-mining,2023,2023,co2e_100yr,0,annual,25116.93002
GNQ,mineral-extraction,bauxite-mining,2024,2024,co2e_100yr,0,annual,25116.93002
GNQ,mineral-extraction,bauxite-mining,2025,2025,co2e_100yr,0,annual,25116.93002
GRC,mineral-extraction,bauxite-mining,2015,2015,co2e_100yr,26711,annual,26711
GRC,mineral-extraction,bauxite-mining,2016,2016,co2e_100yr,27410,annual,27410
GRC,mineral-extraction,bauxite-mining,2017,2017,co2e_100yr,28096,annual,28096
GRC,mineral-extraction,bauxite-mining,2018,2018,co2e_100yr,23430,annual,23430
GRC,mineral-extraction,bauxite-mining,2019,2019,co2e_100yr,21753,annual,21753
GRC,mineral-extraction,bauxite-mining,2020,2020,co2e_100yr,20250,annual,20250
GRC,mineral-extraction,bauxite-mining,2021,2021,co2e_100yr,17921,annual,17921
GRC,mineral-extraction,bauxite-mining,2022,2022,co2e_100yr,21662,annual,21662
GRC,mineral-extraction,bauxite-mining,2023,2023,co2e_100yr,21166,annual,21166
GRC,mineral-extraction,bauxite-mining,2024,2024,co2e_100yr,23618,annual,23618
GRC,mineral-extraction,bauxite-mining,2025,2025,co2e_100yr,21597.91,annual,21597.91056
GRD,mineral-extraction,bauxite-mining,2015,2015,co2e_100yr,0,annual,25116.93002
GRD,mineral-extraction,bauxite-mining,2016,2016,co2e_100yr,0,annual,25116.93002
GRD,mineral-extraction,bauxite-mining,2017,2017,co2e_100yr,0,annual,25116.93002
GRD,mineral-extraction,bauxite-mining,2018,2018,co2e_100yr,0,annual,25116.93002
GRD,mineral-extraction,bauxite-mining,2019,2019,co2e_100yr,0,annual,25116.93002
GRD,mineral-extraction,bauxite-mining,2020,2020,co2e_100yr,0,annual,25116.93002
GRD,mineral-extraction,bauxite-mining,2021,2021,co2e_100yr,0,annual,25116.93002
GRD,mineral-extraction,bauxite-mining,2022,2022,co2e_100yr,0,annual,25116.93002
GRD,mineral-extraction,bauxite-mining,2023,2023,co2e_100yr,0,annual,25116.93002
GRD,mineral-extraction,bauxite-mining,2024,2024,co2e_100yr,0,annual,25116.93002
GRD,mineral-extraction,bauxite-mining,2025,2025,co2e_100yr,0,annual,25116.93002
GRL,mineral-extraction,bauxite-mining,2015,2015,co2e_100yr,0,annual,25116.93002
GRL,mineral-extraction,bauxite-mining,2016,2016,co2e_100yr,0,annual,25116.93002
GRL,mineral-extraction,bauxite-mining,2017,2017,co2e_100yr,0,annual,25116.93002
GRL,mineral-extraction,bauxite-mining,2018,2018,co2e_100yr,0,annual,25116.93002
GRL,mineral-extraction,bauxite-mining,2019,2019,co2e_100yr,0,annual,25116.93002
GRL,mineral-extraction,bauxite-mining,2020,2020,co2e_100yr,0,annual,25116.93002
GRL,mineral-extraction,bauxite-mining,2021,2021,co2e_100yr,0,annual,25116.93002
GRL,mineral-extraction,bauxite-mining,2022,2022,co2e_100yr,0,annual,25116.93002
GRL,mineral-extraction,bauxite-mining,2023,2023,co2e_100yr,0,annual,25116.93002
GRL,mineral-extraction,bauxite-mining,2024,2024,co2e_100yr,0,annual,25116.93002
GRL,mineral-extraction,bauxite-mining,2025,2025,co2e_100yr,0,annual,25116.93002
GTM,mineral-extraction,bauxite-mining,2015,2015,co2e_100yr,0,annual,25116.93002
GTM,mineral-extraction,bauxite-mining,2016,2016,co2e_100yr,0,annual,25116.93002
GTM,mineral-extraction,bauxite-mining,2017,2017,co2e_100yr,0,annual,25116.93002
GTM,mineral-extraction,bauxite-mining,2018,2018,co2e_100yr,0,annual,25116.93002
GTM,mineral-extraction,bauxite-mining,2019,2019,co2e_100yr,0,annual,25116.93002
GTM,mineral-extraction,bauxite-mining,2020,2020,co2e_100yr,0,annual,25116.93002
GTM,mineral-extraction,bauxite-mining,2021,2021,co2e_100yr,0,annual,25116.93002
GTM,mineral-extraction,bauxite-mining,2022,2022,co2e_100yr,0,annual,25116.93002
GTM,mineral-extraction,bauxite-mining,2023,2023,co2e_100yr,0,annual,25116.93002
GTM,mineral-extraction,bauxite-mining,2024,2024,co2e_100yr,0,annual,25116.93002
GTM,mineral-extraction,bauxite-mining,2025,2025,co2e_100yr,0,annual,25116.93002
GUF,mineral-extraction,bauxite-mining,2015,2015,co2e_100yr,0,annual,25116.93002
GUF,mineral-extraction,bauxite-mining,2016,2016,co2e_100yr,0,annual,25116.93002
GUF,mineral-extraction,bauxite-mining,2017,2017,co2e_100yr,0,annual,25116.93002
GUF,mineral-extraction,bauxite-mining,2018,2018,co2e_100yr,0,annual,25116.93002
GUF,mineral-extraction,bauxite-mining,2019,2019,co2e_100yr,0,annual,25116.93002
GUF,mineral-extraction,bauxite-mining,2020,2020,co2e_100yr,0,annual,25116.93002
GUF,mineral-extraction,bauxite-mining,2021,2021,co2e_100yr,0,annual,25116.93002
GUF,mineral-extraction,bauxite-mining,2022,2022,co2e_100yr,0,annual,25116.93002
GUF,mineral-extraction,bauxite-mining,2023,2023,co2e_100yr,0,annual,25116.93002
GUF,mineral-extraction,bauxite-mining,2024,2024,co2e_100yr,0,annual,25116.93002
GUF,mineral-extraction,bauxite-mining,2025,2025,co2e_100yr,0,annual,25116.93002
GUM,mineral-extraction,bauxite-mining,2015,2015,co2e_100yr,0,annual,25116.93002
GUM,mineral-extraction,bauxite-mining,2016,2016,co2e_100yr,0,annual,25116.93002
GUM,mineral-extraction,bauxite-mining,2017,2017,co2e_100yr,0,annual,25116.93002
GUM,mineral-extraction,bauxite-mining,2018,2018,co2e_100yr,0,annual,25116.93002
GUM,mineral-extraction,bauxite-mining,2019,2019,co2e_100yr,0,annual,25116.93002
GUM,mineral-extraction,bauxite-mining,2020,2020,co2e_100yr,0,annual,25116.93002
GUM,mineral-extraction,bauxite-mining,2021,2021,co2e_100yr,0,annual,25116.93002
GUM,mineral-extraction,bauxite-mining,2022,2022,co2e_100yr,0,annual,25116.93002
GUM,mineral-extraction,bauxite-mining,2023,2023,co2e_100yr,0,annual,25116.93002
GUM,mineral-extraction,bauxite-mining,2024,2024,co2e_100yr,0,annual,25116.93002
GUM,mineral-extraction,bauxite-mining,2025,2025,co2e_100yr,0,annual,25116.93002
GUY,mineral-extraction,bauxite-mining,2015,2015,co2e_100yr,21841,annual,21841.00016
GUY,mineral-extraction,bauxite-mining,2016,2016,co2e_100yr,21578,annual,21578.00016
GUY,mineral-extraction,bauxite-mining,2017,2017,co2e_100yr,21593,annual,21593.00016
GUY,mineral-extraction,bauxite-mining,2018,2018,co2e_100yr,28052,annual,28052.0002
GUY,mineral-extraction,bauxite-mining,2019,2019,co2e_100yr,27702,annual,27702.0002
GUY,mineral-extraction,bauxite-mining,2020,2020,co2e_100yr,19346,annual,19346.00014
GUY,mineral-extraction,bauxite-mining,2021,2021,co2e_100yr,17744,annual,17744
GUY,mineral-extraction,bauxite-mining,2022,2022,co2e_100yr,21960,annual,21960
GUY,mineral-extraction,bauxite-mining,2023,2023,co2e_100yr,21994,annual,21994
GUY,mineral-extraction,bauxite-mining,2024,2024,co2e_100yr,25187,annual,25187
GUY,mineral-extraction,bauxite-mining,2025,2025,co2e_100yr,22889.74,annual,22889.73936
HKG,mineral-extraction,bauxite-mining,2015,2015,co2e_100yr,0,annual,25116.93002
HKG,mineral-extraction,bauxite-mining,2016,2016,co2e_100yr,0,annual,25116.93002
HKG,mineral-extraction,bauxite-mining,2017,2017,co2e_100yr,0,annual,25116.93002
HKG,mineral-extraction,bauxite-mining,2018,2018,co2e_100yr,0,annual,25116.93002
HKG,mineral-extraction,bauxite-mining,2019,2019,co2e_100yr,0,annual,25116.93002
HKG,mineral-extraction,bauxite-mining,2020,2020,co2e_100yr,0,annual,25116.93002
HKG,mineral-extraction,bauxite-mining,2021,2021,co2e_100yr,0,annual,25116.93002
HKG,mineral-extraction,bauxite-mining,2022,2022,co2e_100yr,0,annual,25116.93002
HKG,mineral-extraction,bauxite-mining,2023,2023,co2e_100yr,0,annual,25116.93002
HKG,mineral-extraction,bauxite-mining,2024,2024,co2e_100yr,0,annual,25116.93002
HKG,mineral-extraction,bauxite-mining,2025,2025,co2e_100yr,0,annual,25116.93002
HMD,mineral-extraction,bauxite-mining,2015,2015,co2e_100yr,0,annual,25116.93002
HMD,mineral-extraction,bauxite-mining,2016,2016,co2e_100yr,0,annual,25116.93002
HMD,mineral-extraction,bauxite-mining,2017,2017,co2e_100yr,0,annual,25116.93002
HMD,mineral-extraction,bauxite-mining,2018,2018,co2e_100yr,0,annual,25116.93002
HMD,mineral-extraction,bauxite-mining,2019,2019,co2e_100yr,0,annual,25116.93002
HMD,mineral-extraction,bauxite-mining,2020,2020,co2e_100yr,0,annual,25116.93002
HMD,mineral-extraction,bauxite-mining,2021,2021,co2e_100yr,0,annual,25116.93002
HMD,mineral-extraction,bauxite-mining,2022,2022,co2e_100yr,0,annual,25116.93002
HMD,mineral-extraction,bauxite-mining,2023,2023,co2e_100yr,0,annual,25116.93002
HMD,mineral-extraction,bauxite-mining,2024,2024,co2e_100yr,0,annual,25116.93002
HMD,mineral-extraction,bauxite-mining,2025,2025,co2e_100yr,0,annual,25116.93002
HND,mineral-extraction,bauxite-mining,2015,2015,co2e_100yr,0,annual,25116.93002
HND,mineral-extraction,bauxite-mining,2016,2016,co2e_100yr,0,annual,25116.93002
HND,mineral-extraction,bauxite-mining,2017,2017,co2e_100yr,0,annual,25116.93002
HND,mineral-extraction,bauxite-mining,2018,2018,co2e_100yr,0,annual,25116.93002
HND,mineral-extraction,bauxite-mining,2019,2019,co2e_100yr,0,annual,25116.93002
HND,mineral-extraction,bauxite-mining,2020,2020,co2e_100yr,0,annual,25116.93002
HND,mineral-extraction,bauxite-mining,2021,2021,co2e_100yr,0,annual,25116.93002
HND,mineral-extraction,bauxite-mining,2022,2022,co2e_100yr,0,annual,25116.93002
HND,mineral-extraction,bauxite-mining,2023,2023,co2e_100yr,0,annual,25116.93002
HND,mineral-extraction,bauxite-mining,2024,2024,co2e_100yr,0,annual,25116.93002
HND,mineral-extraction,bauxite-mining,2025,2025,co2e_100yr,0,annual,25116.93002
HRV,mineral-extraction,bauxite-mining,2015,2015,co2e_100yr,0,annual,25116.93002
HRV,mineral-extraction,bauxite-mining,2016,2016,co2e_100yr,0,annual,25116.93002
HRV,mineral-extraction,bauxite-mining,2017,2017,co2e_100yr,0,annual,25116.93002
HRV,mineral-extraction,bauxite-mining,2018,2018,co2e_100yr,0,annual,25116.93002
HRV,mineral-extraction,bauxite-mining,2019,2019,co2e_100yr,0,annual,25116.93002
HRV,mineral-extraction,bauxite-mining,2020,2020,co2e_100yr,0,annual,25116.93002
HRV,mineral-extraction,bauxite-mining,2021,2021,co2e_100yr,0,annual,25116.93002
HRV,mineral-extraction,bauxite-mining,2022,2022,co2e_100yr,0,annual,25116.93002
HRV,mineral-extraction,bauxite-mining,2023,2023,co2e_100yr,0,annual,25116.93002
HRV,mineral-extraction,bauxite-mining,2024,2024,co2e_100yr,0,annual,25116.93002
HRV,mineral-extraction,bauxite-mining,2025,2025,co2e_100yr,0,annual,25116.93002
HTI,mineral-extraction,bauxite-mining,2015,2015,co2e_100yr,0,annual,25116.93002
HTI,mineral-extraction,bauxite-mining,2016,2016,co2e_100yr,0,annual,25116.93002
HTI,mineral-extraction,bauxite-mining,2017,2017,co2e_100yr,0,annual,25116.93002
HTI,mineral-extraction,bauxite-mining,2018,2018,co2e_100yr,0,annual,25116.93002
HTI,mineral-extraction,bauxite-mining,2019,2019,co2e_100yr,0,annual,25116.93002
HTI,mineral-extraction,bauxite-mining,2020,2020,co2e_100yr,0,annual,25116.93002
HTI,mineral-extraction,bauxite-mining,2021,2021,co2e_100yr,0,annual,25116.93002
HTI,mineral-extraction,bauxite-mining,2022,2022,co2e_100yr,0,annual,25116.93002
HTI,mineral-extraction,bauxite-mining,2023,2023,co2e_100yr,0,annual,25116.93002
HTI,mineral-extraction,bauxite-mining,2024,2024,co2e_100yr,0,annual,25116.93002
HTI,mineral-extraction,bauxite-mining,2025,2025,co2e_100yr,0,annual,25116.93002
HUN,mineral-extraction,bauxite-mining,2015,2015,co2e_100yr,117,annual,117
HUN,mineral-extraction,bauxite-mining,2016,2016,co2e_100yr,248,annual,248
HUN,mineral-extraction,bauxite-mining,2017,2017,co2e_100yr,58,annual,58.00000001
HUN,mineral-extraction,bauxite-mining,2018,2018,co2e_100yr,73,annual,73.00000001
HUN,mineral-extraction,bauxite-mining,2019,2019,co2e_100yr,0,annual,25116.93002
HUN,mineral-extraction,bauxite-mining,2020,2020,co2e_100yr,0,annual,25116.93002
HUN,mineral-extraction,bauxite-mining,2021,2021,co2e_100yr,0,annual,25116.93002
HUN,mineral-extraction,bauxite-mining,2022,2022,co2e_100yr,0,annual,25116.93002
HUN,mineral-extraction,bauxite-mining,2023,2023,co2e_100yr,0,annual,25116.93002
HUN,mineral-extraction,bauxite-mining,2024,2024,co2e_100yr,0,annual,25116.93002
HUN,mineral-extraction,bauxite-mining,2025,2025,co2e_100yr,0,annual,25116.93002
IDN,mineral-extraction,bauxite-mining,2015,2015,co2e_100yr,2634,annual,2634.000019
IDN,mineral-extraction,bauxite-mining,2016,2016,co2e_100yr,7812,annual,7812.000057
IDN,mineral-extraction,bauxite-mining,2017,2017,co2e_100yr,16182,annual,16182.00012
IDN,mineral-extraction,bauxite-mining,2018,2018,co2e_100yr,61380,annual,61380.00045
IDN,mineral-extraction,bauxite-mining,2019,2019,co2e_100yr,92589,annual,92589.00067
IDN,mineral-extraction,bauxite-mining,2020,2020,co2e_100yr,47107,annual,47107.00034
IDN,mineral-extraction,bauxite-mining,2021,2021,co2e_100yr,51225,annual,51225
IDN,mineral-extraction,bauxite-mining,2022,2022,co2e_100yr,265240,annual,265240
IDN,mineral-extraction,bauxite-mining,2023,2023,co2e_100yr,299413,annual,299413
IDN,mineral-extraction,bauxite-mining,2024,2024,co2e_100yr,138406,annual,138406
IDN,mineral-extraction,bauxite-mining,2025,2025,co2e_100yr,125782.24,annual,125782.2395
IMN,mineral-extraction,bauxite-mining,2015,2015,co2e_100yr,0,annual,25116.93002
IMN,mineral-extraction,bauxite-mining,2016,2016,co2e_100yr,0,annual,25116.93002
IMN,mineral-extraction,bauxite-mining,2017,2017,co2e_100yr,0,annual,25116.93002
IMN,mineral-extraction,bauxite-mining,2018,2018,co2e_100yr,0,annual,25116.93002
IMN,mineral-extraction,bauxite-mining,2019,2019,co2e_100yr,0,annual,25116.93002
IMN,mineral-extraction,bauxite-mining,2020,2020,co2e_100yr,0,annual,25116.93002
IMN,mineral-extraction,bauxite-mining,2021,2021,co2e_100yr,0,annual,25116.93002
IMN,mineral-extraction,bauxite-mining,2022,2022,co2e_100yr,0,annual,25116.93002
IMN,mineral-extraction,bauxite-mining,2023,2023,co2e_100yr,0,annual,25116.93002
IMN,mineral-extraction,bauxite-mining,2024,2024,co2e_100yr,0,annual,25116.93002
IMN,mineral-extraction,bauxite-mining,2025,2025,co2e_100yr,0,annual,25116.93002
IND,mineral-extraction,bauxite-mining,2015,2015,co2e_100yr,174314,annual,174314
IND,mineral-extraction,bauxite-mining,2016,2016,co2e_100yr,150004,annual,150004
IND,mineral-extraction,bauxite-mining,2017,2017,co2e_100yr,143203,annual,143203
IND,mineral-extraction,bauxite-mining,2018,2018,co2e_100yr,145878,annual,145878
IND,mineral-extraction,bauxite-mining,2019,2019,co2e_100yr,140176,annual,140176
IND,mineral-extraction,bauxite-mining,2020,2020,co2e_100yr,127260,annual,127260
IND,mineral-extraction,bauxite-mining,2021,2021,co2e_100yr,155161,annual,155161
IND,mineral-extraction,bauxite-mining,2022,2022,co2e_100yr,161703,annual,161703
IND,mineral-extraction,bauxite-mining,2023,2023,co2e_100yr,185069,annual,185069
IND,mineral-extraction,bauxite-mining,2024,2024,co2e_100yr,189351,annual,189351
IND,mineral-extraction,bauxite-mining,2025,2025,co2e_100yr,173225.49,annual,173225.4904
IOT,mineral-extraction,bauxite-mining,2015,2015,co2e_100yr,0,annual,25116.93002
IOT,mineral-extraction,bauxite-mining,2016,2016,co2e_100yr,0,annual,25116.93002
IOT,mineral-extraction,bauxite-mining,2017,2017,co2e_100yr,0,annual,25116.93002
IOT,mineral-extraction,bauxite-mining,2018,2018,co2e_100yr,0,annual,25116.93002
IOT,mineral-extraction,bauxite-mining,2019,2019,co2e_100yr,0,annual,25116.93002
IOT,mineral-extraction,bauxite-mining,2020,2020,co2e_100yr,0,annual,25116.93002
IOT,mineral-extraction,bauxite-mining,2021,2021,co2e_100yr,0,annual,25116.93002
IOT,mineral-extraction,bauxite-mining,2022,2022,co2e_100yr,0,annual,25116.93002
IOT,mineral-extraction,bauxite-mining,2023,2023,co2e_100yr,0,annual,25116.93002
IOT,mineral-extraction,bauxite-mining,2024,2024,co2e_100yr,0,annual,25116.93002
IOT,mineral-extraction,bauxite-mining,2025,2025,co2e_100yr,0,annual,25116.93002
IRL,mineral-extraction,bauxite-mining,2015,2015,co2e_100yr,0,annual,25116.93002
IRL,mineral-extraction,bauxite-mining,2016,2016,co2e_100yr,0,annual,25116.93002
IRL,mineral-extraction,bauxite-mining,2017,2017,co2e_100yr,0,annual,25116.93002
IRL,mineral-extraction,bauxite-mining,2018,2018,co2e_100yr,0,annual,25116.93002
IRL,mineral-extraction,bauxite-mining,2019,2019,co2e_100yr,0,annual,25116.93002
IRL,mineral-extraction,bauxite-mining,2020,2020,co2e_100yr,0,annual,25116.93002
IRL,mineral-extraction,bauxite-mining,2021,2021,co2e_100yr,0,annual,25116.93002
IRL,mineral-extraction,bauxite-mining,2022,2022,co2e_100yr,0,annual,25116.93002
IRL,mineral-extraction,bauxite-mining,2023,2023,co2e_100yr,0,annual,25116.93002
IRL,mineral-extraction,bauxite-mining,2024,2024,co2e_100yr,0,annual,25116.93002
IRL,mineral-extraction,bauxite-mining,2025,2025,co2e_100yr,0,annual,25116.93002
IRN,mineral-extraction,bauxite-mining,2015,2015,co2e_100yr,12484.48,annual,12484.47758
IRN,mineral-extraction,bauxite-mining,2016,2016,co2e_100yr,11094.94,annual,11094.93507
IRN,mineral-extraction,bauxite-mining,2017,2017,co2e_100yr,10645.43,annual,10645.42966
IRN,mineral-extraction,bauxite-mining,2018,2018,co2e_100yr,10138.84,annual,10138.8442
IRN,mineral-extraction,bauxite-mining,2019,2019,co2e_100yr,11298.28,annual,11298.28276
IRN,mineral-extraction,bauxite-mining,2020,2020,co2e_100yr,12750.26,annual,12750.25657
IRN,mineral-extraction,bauxite-mining,2021,2021,co2e_100yr,8795.92,annual,8795.918717
IRN,mineral-extraction,bauxite-mining,2022,2022,co2e_100yr,10792.92,annual,10792.91872
IRN,mineral-extraction,bauxite-mining,2023,2023,co2e_100yr,16685.92,annual,16685.91872
IRN,mineral-extraction,bauxite-mining,2024,2024,co2e_100yr,10343.92,annual,10343.91872
IRN,mineral-extraction,bauxite-mining,2025,2025,co2e_100yr,9481.93,annual,9481.925491
IRQ,mineral-extraction,bauxite-mining,2015,2015,co2e_100yr,0,annual,25116.93002
IRQ,mineral-extraction,bauxite-mining,2016,2016,co2e_100yr,0,annual,25116.93002
IRQ,mineral-extraction,bauxite-mining,2017,2017,co2e_100yr,0,annual,25116.93002
IRQ,mineral-extraction,bauxite-mining,2018,2018,co2e_100yr,0,annual,25116.93002
IRQ,mineral-extraction,bauxite-mining,2019,2019,co2e_100yr,0,annual,25116.93002
IRQ,mineral-extraction,bauxite-mining,2020,2020,co2e_100yr,0,annual,25116.93002
IRQ,mineral-extraction,bauxite-mining,2021,2021,co2e_100yr,0,annual,25116.93002
IRQ,mineral-extraction,bauxite-mining,2022,2022,co2e_100yr,0,annual,25116.93002
IRQ,mineral-extraction,bauxite-mining,2023,2023,co2e_100yr,0,annual,25116.93002
IRQ,mineral-extraction,bauxite-mining,2024,2024,co2e_100yr,0,annual,25116.93002
IRQ,mineral-extraction,bauxite-mining,2025,2025,co2e_100yr,0,annual,25116.93002
ISL,mineral-extraction,bauxite-mining,2015,2015,co2e_100yr,0,annual,25116.93002
ISL,mineral-extraction,bauxite-mining,2016,2016,co2e_100yr,0,annual,25116.93002
ISL,mineral-extraction,bauxite-mining,2017,2017,co2e_100yr,0,annual,25116.93002
ISL,mineral-extraction,bauxite-mining,2018,2018,co2e_100yr,0,annual,25116.93002
ISL,mineral-extraction,bauxite-mining,2019,2019,co2e_100yr,0,annual,25116.93002
ISL,mineral-extraction,bauxite-mining,2020,2020,co2e_100yr,0,annual,25116.93002
ISL,mineral-extraction,bauxite-mining,2021,2021,co2e_100yr,0,annual,25116.93002
ISL,mineral-extraction,bauxite-mining,2022,2022,co2e_100yr,0,annual,25116.93002
ISL,mineral-extraction,bauxite-mining,2023,2023,co2e_100yr,0,annual,25116.93002
ISL,mineral-extraction,bauxite-mining,2024,2024,co2e_100yr,0,annual,25116.93002
ISL,mineral-extraction,bauxite-mining,2025,2025,co2e_100yr,0,annual,25116.93002
ISR,mineral-extraction,bauxite-mining,2015,2015,co2e_100yr,0,annual,25116.93002
ISR,mineral-extraction,bauxite-mining,2016,2016,co2e_100yr,0,annual,25116.93002
ISR,mineral-extraction,bauxite-mining,2017,2017,co2e_100yr,0,annual,25116.93002
ISR,mineral-extraction,bauxite-mining,2018,2018,co2e_100yr,0,annual,25116.93002
ISR,mineral-extraction,bauxite-mining,2019,2019,co2e_100yr,0,annual,25116.93002
ISR,mineral-extraction,bauxite-mining,2020,2020,co2e_100yr,0,annual,25116.93002
ISR,mineral-extraction,bauxite-mining,2021,2021,co2e_100yr,0,annual,25116.93002
ISR,mineral-extraction,bauxite-mining,2022,2022,co2e_100yr,0,annual,25116.93002
ISR,mineral-extraction,bauxite-mining,2023,2023,co2e_100yr,0,annual,25116.93002
ISR,mineral-extraction,bauxite-mining,2024,2024,co2e_100yr,0,annual,25116.93002
ISR,mineral-extraction,bauxite-mining,2025,2025,co2e_100yr,0,annual,25116.93002
ITA,mineral-extraction,bauxite-mining,2015,2015,co2e_100yr,0,annual,25116.93002
ITA,mineral-extraction,bauxite-mining,2016,2016,co2e_100yr,0,annual,25116.93002
ITA,mineral-extraction,bauxite-mining,2017,2017,co2e_100yr,0,annual,25116.93002
ITA,mineral-extraction,bauxite-mining,2018,2018,co2e_100yr,0,annual,25116.93002
ITA,mineral-extraction,bauxite-mining,2019,2019,co2e_100yr,0,annual,25116.93002
ITA,mineral-extraction,bauxite-mining,2020,2020,co2e_100yr,0,annual,25116.93002
ITA,mineral-extraction,bauxite-mining,2021,2021,co2e_100yr,0,annual,25116.93002
ITA,mineral-extraction,bauxite-mining,2022,2022,co2e_100yr,0,annual,25116.93002
ITA,mineral-extraction,bauxite-mining,2023,2023,co2e_100yr,0,annual,25116.93002
ITA,mineral-extraction,bauxite-mining,2024,2024,co2e_100yr,0,annual,25116.93002
ITA,mineral-extraction,bauxite-mining,2025,2025,co2e_100yr,0,annual,25116.93002
JAM,mineral-extraction,bauxite-mining,2015,2015,co2e_100yr,153454.97,annual,153454.9685
JAM,mineral-extraction,bauxite-mining,2016,2016,co2e_100yr,136099.39,annual,136099.3915
JAM,mineral-extraction,bauxite-mining,2017,2017,co2e_100yr,131398.07,annual,131398.0659
JAM,mineral-extraction,bauxite-mining,2018,2018,co2e_100yr,160291.04,annual,160291.0403
JAM,mineral-extraction,bauxite-mining,2019,2019,co2e_100yr,143781.14,annual,143781.1364
JAM,mineral-extraction,bauxite-mining,2020,2020,co2e_100yr,234699.99,annual,234699.9922
JAM,mineral-extraction,bauxite-mining,2021,2021,co2e_100yr,179523.16,annual,179523.1593
JAM,mineral-extraction,bauxite-mining,2022,2022,co2e_100yr,189795.16,annual,189795.1593
JAM,mineral-extraction,bauxite-mining,2023,2023,co2e_100yr,127712.16,annual,127712.1593
JAM,mineral-extraction,bauxite-mining,2024,2024,co2e_100yr,150984.16,annual,150984.1593
JAM,mineral-extraction,bauxite-mining,2025,2025,co2e_100yr,138126.05,annual,138126.0465
JEY,mineral-extraction,bauxite-mining,2015,2015,co2e_100yr,0,annual,25116.93002
JEY,mineral-extraction,bauxite-mining,2016,2016,co2e_100yr,0,annual,25116.93002
JEY,mineral-extraction,bauxite-mining,2017,2017,co2e_100yr,0,annual,25116.93002
JEY,mineral-extraction,bauxite-mining,2018,2018,co2e_100yr,0,annual,25116.93002
JEY,mineral-extraction,bauxite-mining,2019,2019,co2e_100yr,0,annual,25116.93002
JEY,mineral-extraction,bauxite-mining,2020,2020,co2e_100yr,0,annual,25116.93002
JEY,mineral-extraction,bauxite-mining,2021,2021,co2e_100yr,0,annual,25116.93002
JEY,mineral-extraction,bauxite-mining,2022,2022,co2e_100yr,0,annual,25116.93002
JEY,mineral-extraction,bauxite-mining,2023,2023,co2e_100yr,0,annual,25116.93002
JEY,mineral-extraction,bauxite-mining,2024,2024,co2e_100yr,0,annual,25116.93002
JEY,mineral-extraction,bauxite-mining,2025,2025,co2e_100yr,0,annual,25116.93002
JOR,mineral-extraction,bauxite-mining,2015,2015,co2e_100yr,0,annual,25116.93002
JOR,mineral-extraction,bauxite-mining,2016,2016,co2e_100yr,0,annual,25116.93002
JOR,mineral-extraction,bauxite-mining,2017,2017,co2e_100yr,0,annual,25116.93002
JOR,mineral-extraction,bauxite-mining,2018,2018,co2e_100yr,0,annual,25116.93002
JOR,mineral-extraction,bauxite-mining,2019,2019,co2e_100yr,0,annual,25116.93002
JOR,mineral-extraction,bauxite-mining,2020,2020,co2e_100yr,0,annual,25116.93002
JOR,mineral-extraction,bauxite-mining,2021,2021,co2e_100yr,0,annual,25116.93002
JOR,mineral-extraction,bauxite-mining,2022,2022,co2e_100yr,0,annual,25116.93002
JOR,mineral-extraction,bauxite-mining,2023,2023,co2e_100yr,0,annual,25116.93002
JOR,mineral-extraction,bauxite-mining,2024,2024,co2e_100yr,0,annual,25116.93002
JOR,mineral-extraction,bauxite-mining,2025,2025,co2e_100yr,0,annual,25116.93002
JPN,mineral-extraction,bauxite-mining,2015,2015,co2e_100yr,0,annual,25116.93002
JPN,mineral-extraction,bauxite-mining,2016,2016,co2e_100yr,0,annual,25116.93002
JPN,mineral-extraction,bauxite-mining,2017,2017,co2e_100yr,0,annual,25116.93002
JPN,mineral-extraction,bauxite-mining,2018,2018,co2e_100yr,0,annual,25116.93002
JPN,mineral-extraction,bauxite-mining,2019,2019,co2e_100yr,0,annual,25116.93002
JPN,mineral-extraction,bauxite-mining,2020,2020,co2e_100yr,0,annual,25116.93002
JPN,mineral-extraction,bauxite-mining,2021,2021,co2e_100yr,0,annual,25116.93002
JPN,mineral-extraction,bauxite-mining,2022,2022,co2e_100yr,0,annual,25116.93002
JPN,mineral-extraction,bauxite-mining,2023,2023,co2e_100yr,0,annual,25116.93002
JPN,mineral-extraction,bauxite-mining,2024,2024,co2e_100yr,0,annual,25116.93002
JPN,mineral-extraction,bauxite-mining,2025,2025,co2e_100yr,0,annual,25116.93002
KAZ,mineral-extraction,bauxite-mining,2015,2015,co2e_100yr,162500,annual,162500.0008
KAZ,mineral-extraction,bauxite-mining,2016,2016,co2e_100yr,166595,annual,166595.0009
KAZ,mineral-extraction,bauxite-mining,2017,2017,co2e_100yr,168156,annual,168156.0009
KAZ,mineral-extraction,bauxite-mining,2018,2018,co2e_100yr,197790,annual,197790.001
KAZ,mineral-extraction,bauxite-mining,2019,2019,co2e_100yr,142895,annual,142895.0007
KAZ,mineral-extraction,bauxite-mining,2020,2020,co2e_100yr,143915,annual,143915.0007
KAZ,mineral-extraction,bauxite-mining,2021,2021,co2e_100yr,134500,annual,134500.0006
KAZ,mineral-extraction,bauxite-mining,2022,2022,co2e_100yr,177770,annual,177770
KAZ,mineral-extraction,bauxite-mining,2023,2023,co2e_100yr,212953,annual,212953
KAZ,mineral-extraction,bauxite-mining,2024,2024,co2e_100yr,156503,annual,156503
KAZ,mineral-extraction,bauxite-mining,2025,2025,co2e_100yr,142276.91,annual,142276.9092
KEN,mineral-extraction,bauxite-mining,2015,2015,co2e_100yr,0,annual,25116.93002
KEN,mineral-extraction,bauxite-mining,2016,2016,co2e_100yr,0,annual,25116.93002
KEN,mineral-extraction,bauxite-mining,2017,2017,co2e_100yr,0,annual,25116.93002
KEN,mineral-extraction,bauxite-mining,2018,2018,co2e_100yr,0,annual,25116.93002
KEN,mineral-extraction,bauxite-mining,2019,2019,co2e_100yr,0,annual,25116.93002
KEN,mineral-extraction,bauxite-mining,2020,2020,co2e_100yr,0,annual,25116.93002
KEN,mineral-extraction,bauxite-mining,2021,2021,co2e_100yr,0,annual,25116.93002
KEN,mineral-extraction,bauxite-mining,2022,2022,co2e_100yr,0,annual,25116.93002
KEN,mineral-extraction,bauxite-mining,2023,2023,co2e_100yr,0,annual,25116.93002
KEN,mineral-extraction,bauxite-mining,2024,2024,co2e_100yr,0,annual,25116.93002
KEN,mineral-extraction,bauxite-mining,2025,2025,co2e_100yr,0,annual,25116.93002
KGZ,mineral-extraction,bauxite-mining,2015,2015,co2e_100yr,0,annual,25116.93002
KGZ,mineral-extraction,bauxite-mining,2016,2016,co2e_100yr,0,annual,25116.93002
KGZ,mineral-extraction,bauxite-mining,2017,2017,co2e_100yr,0,annual,25116.93002
KGZ,mineral-extraction,bauxite-mining,2018,2018,co2e_100yr,0,annual,25116.93002
KGZ,mineral-extraction,bauxite-mining,2019,2019,co2e_100yr,0,annual,25116.93002
KGZ,mineral-extraction,bauxite-mining,2020,2020,co2e_100yr,0,annual,25116.93002
KGZ,mineral-extraction,bauxite-mining,2021,2021,co2e_100yr,0,annual,25116.93002
KGZ,mineral-extraction,bauxite-mining,2022,2022,co2e_100yr,0,annual,25116.93002
KGZ,mineral-extraction,bauxite-mining,2023,2023,co2e_100yr,0,annual,25116.93002
KGZ,mineral-extraction,bauxite-mining,2024,2024,co2e_100yr,0,annual,25116.93002
KGZ,mineral-extraction,bauxite-mining,2025,2025,co2e_100yr,0,annual,25116.93002
KHM,mineral-extraction,bauxite-mining,2015,2015,co2e_100yr,0,annual,25116.93002
KHM,mineral-extraction,bauxite-mining,2016,2016,co2e_100yr,0,annual,25116.93002
KHM,mineral-extraction,bauxite-mining,2017,2017,co2e_100yr,0,annual,25116.93002
KHM,mineral-extraction,bauxite-mining,2018,2018,co2e_100yr,0,annual,25116.93002
KHM,mineral-extraction,bauxite-mining,2019,2019,co2e_100yr,0,annual,25116.93002
KHM,mineral-extraction,bauxite-mining,2020,2020,co2e_100yr,0,annual,25116.93002
KHM,mineral-extraction,bauxite-mining,2021,2021,co2e_100yr,0,annual,25116.93002
KHM,mineral-extraction,bauxite-mining,2022,2022,co2e_100yr,0,annual,25116.93002
KHM,mineral-extraction,bauxite-mining,2023,2023,co2e_100yr,0,annual,25116.93002
KHM,mineral-extraction,bauxite-mining,2024,2024,co2e_100yr,0,annual,25116.93002
KHM,mineral-extraction,bauxite-mining,2025,2025,co2e_100yr,0,annual,25116.93002
KIR,mineral-extraction,bauxite-mining,2015,2015,co2e_100yr,0,annual,25116.93002
KIR,mineral-extraction,bauxite-mining,2016,2016,co2e_100yr,0,annual,25116.93002
KIR,mineral-extraction,bauxite-mining,2017,2017,co2e_100yr,0,annual,25116.93002
KIR,mineral-extraction,bauxite-mining,2018,2018,co2e_100yr,0,annual,25116.93002
KIR,mineral-extraction,bauxite-mining,2019,2019,co2e_100yr,0,annual,25116.93002
KIR,mineral-extraction,bauxite-mining,2020,2020,co2e_100yr,0,annual,25116.93002
KIR,mineral-extraction,bauxite-mining,2021,2021,co2e_100yr,0,annual,25116.93002
KIR,mineral-extraction,bauxite-mining,2022,2022,co2e_100yr,0,annual,25116.93002
KIR,mineral-extraction,bauxite-mining,2023,2023,co2e_100yr,0,annual,25116.93002
KIR,mineral-extraction,bauxite-mining,2024,2024,co2e_100yr,0,annual,25116.93002
KIR,mineral-extraction,bauxite-mining,2025,2025,co2e_100yr,0,annual,25116.93002
KNA,mineral-extraction,bauxite-mining,2015,2015,co2e_100yr,0,annual,25116.93002
KNA,mineral-extraction,bauxite-mining,2016,2016,co2e_100yr,0,annual,25116.93002
KNA,mineral-extraction,bauxite-mining,2017,2017,co2e_100yr,0,annual,25116.93002
KNA,mineral-extraction,bauxite-mining,2018,2018,co2e_100yr,0,annual,25116.93002
KNA,mineral-extraction,bauxite-mining,2019,2019,co2e_100yr,0,annual,25116.93002
KNA,mineral-extraction,bauxite-mining,2020,2020,co2e_100yr,0,annual,25116.93002
KNA,mineral-extraction,bauxite-mining,2021,2021,co2e_100yr,0,annual,25116.93002
KNA,mineral-extraction,bauxite-mining,2022,2022,co2e_100yr,0,annual,25116.93002
KNA,mineral-extraction,bauxite-mining,2023,2023,co2e_100yr,0,annual,25116.93002
KNA,mineral-extraction,bauxite-mining,2024,2024,co2e_100yr,0,annual,25116.93002
KNA,mineral-extraction,bauxite-mining,2025,2025,co2e_100yr,0,annual,25116.93002
KOR,mineral-extraction,bauxite-mining,2015,2015,co2e_100yr,0,annual,25116.93002
KOR,mineral-extraction,bauxite-mining,2016,2016,co2e_100yr,0,annual,25116.93002
KOR,mineral-extraction,bauxite-mining,2017,2017,co2e_100yr,0,annual,25116.93002
KOR,mineral-extraction,bauxite-mining,2018,2018,co2e_100yr,0,annual,25116.93002
KOR,mineral-extraction,bauxite-mining,2019,2019,co2e_100yr,0,annual,25116.93002
KOR,mineral-extraction,bauxite-mining,2020,2020,co2e_100yr,0,annual,25116.93002
KOR,mineral-extraction,bauxite-mining,2021,2021,co2e_100yr,0,annual,25116.93002
KOR,mineral-extraction,bauxite-mining,2022,2022,co2e_100yr,0,annual,25116.93002
KOR,mineral-extraction,bauxite-mining,2023,2023,co2e_100yr,0,annual,25116.93002
KOR,mineral-extraction,bauxite-mining,2024,2024,co2e_100yr,0,annual,25116.93002
KOR,mineral-extraction,bauxite-mining,2025,2025,co2e_100yr,0,annual,25116.93002
KWT,mineral-extraction,bauxite-mining,2015,2015,co2e_100yr,0,annual,25116.93002
KWT,mineral-extraction,bauxite-mining,2016,2016,co2e_100yr,0,annual,25116.93002
KWT,mineral-extraction,bauxite-mining,2017,2017,co2e_100yr,0,annual,25116.93002
KWT,mineral-extraction,bauxite-mining,2018,2018,co2e_100yr,0,annual,25116.93002
KWT,mineral-extraction,bauxite-mining,2019,2019,co2e_100yr,0,annual,25116.93002
KWT,mineral-extraction,bauxite-mining,2020,2020,co2e_100yr,0,annual,25116.93002
KWT,mineral-extraction,bauxite-mining,2021,2021,co2e_100yr,0,annual,25116.93002
KWT,mineral-extraction,bauxite-mining,2022,2022,co2e_100yr,0,annual,25116.93002
KWT,mineral-extraction,bauxite-mining,2023,2023,co2e_100yr,0,annual,25116.93002
KWT,mineral-extraction,bauxite-mining,2024,2024,co2e_100yr,0,annual,25116.93002
KWT,mineral-extraction,bauxite-mining,2025,2025,co2e_100yr,0,annual,25116.93002
LAO,mineral-extraction,bauxite-mining,2015,2015,co2e_100yr,0,annual,25116.93002
LAO,mineral-extraction,bauxite-mining,2016,2016,co2e_100yr,0,annual,25116.93002
LAO,mineral-extraction,bauxite-mining,2017,2017,co2e_100yr,0,annual,25116.93002
LAO,mineral-extraction,bauxite-mining,2018,2018,co2e_100yr,0,annual,25116.93002
LAO,mineral-extraction,bauxite-mining,2019,2019,co2e_100yr,0,annual,25116.93002
LAO,mineral-extraction,bauxite-mining,2020,2020,co2e_100yr,0,annual,25116.93002
LAO,mineral-extraction,bauxite-mining,2021,2021,co2e_100yr,0,annual,25116.93002
LAO,mineral-extraction,bauxite-mining,2022,2022,co2e_100yr,0,annual,25116.93002
LAO,mineral-extraction,bauxite-mining,2023,2023,co2e_100yr,0,annual,25116.93002
LAO,mineral-extraction,bauxite-mining,2024,2024,co2e_100yr,0,annual,25116.93002
LAO,mineral-extraction,bauxite-mining,2025,2025,co2e_100yr,0,annual,25116.93002
LBN,mineral-extraction,bauxite-mining,2015,2015,co2e_100yr,0,annual,25116.93002
LBN,mineral-extraction,bauxite-mining,2016,2016,co2e_100yr,0,annual,25116.93002
LBN,mineral-extraction,bauxite-mining,2017,2017,co2e_100yr,0,annual,25116.93002
LBN,mineral-extraction,bauxite-mining,2018,2018,co2e_100yr,0,annual,25116.93002
LBN,mineral-extraction,bauxite-mining,2019,2019,co2e_100yr,0,annual,25116.93002
LBN,mineral-extraction,bauxite-mining,2020,2020,co2e_100yr,0,annual,25116.93002
LBN,mineral-extraction,bauxite-mining,2021,2021,co2e_100yr,0,annual,25116.93002
LBN,mineral-extraction,bauxite-mining,2022,2022,co2e_100yr,0,annual,25116.93002
LBN,mineral-extraction,bauxite-mining,2023,2023,co2e_100yr,0,annual,25116.93002
LBN,mineral-extraction,bauxite-mining,2024,2024,co2e_100yr,0,annual,25116.93002
LBN,mineral-extraction,bauxite-mining,2025,2025,co2e_100yr,0,annual,25116.93002
LBR,mineral-extraction,bauxite-mining,2015,2015,co2e_100yr,0,annual,25116.93002
LBR,mineral-extraction,bauxite-mining,2016,2016,co2e_100yr,0,annual,25116.93002
LBR,mineral-extraction,bauxite-mining,2017,2017,co2e_100yr,0,annual,25116.93002
LBR,mineral-extraction,bauxite-mining,2018,2018,co2e_100yr,0,annual,25116.93002
LBR,mineral-extraction,bauxite-mining,2019,2019,co2e_100yr,0,annual,25116.93002
LBR,mineral-extraction,bauxite-mining,2020,2020,co2e_100yr,0,annual,25116.93002
LBR,mineral-extraction,bauxite-mining,2021,2021,co2e_100yr,0,annual,25116.93002
LBR,mineral-extraction,bauxite-mining,2022,2022,co2e_100yr,0,annual,25116.93002
LBR,mineral-extraction,bauxite-mining,2023,2023,co2e_100yr,0,annual,25116.93002
LBR,mineral-extraction,bauxite-mining,2024,2024,co2e_100yr,0,annual,25116.93002
LBR,mineral-extraction,bauxite-mining,2025,2025,co2e_100yr,0,annual,25116.93002
LBY,mineral-extraction,bauxite-mining,2015,2015,co2e_100yr,0,annual,25116.93002
LBY,mineral-extraction,bauxite-mining,2016,2016,co2e_100yr,0,annual,25116.93002
LBY,mineral-extraction,bauxite-mining,2017,2017,co2e_100yr,0,annual,25116.93002
LBY,mineral-extraction,bauxite-mining,2018,2018,co2e_100yr,0,annual,25116.93002
LBY,mineral-extraction,bauxite-mining,2019,2019,co2e_100yr,0,annual,25116.93002
LBY,mineral-extraction,bauxite-mining,2020,2020,co2e_100yr,0,annual,25116.93002
LBY,mineral-extraction,bauxite-mining,2021,2021,co2e_100yr,0,annual,25116.93002
LBY,mineral-extraction,bauxite-mining,2022,2022,co2e_100yr,0,annual,25116.93002
LBY,mineral-extraction,bauxite-mining,2023,2023,co2e_100yr,0,annual,25116.93002
LBY,mineral-extraction,bauxite-mining,2024,2024,co2e_100yr,0,annual,25116.93002
LBY,mineral-extraction,bauxite-mining,2025,2025,co2e_100yr,0,annual,25116.93002
LCA,mineral-extraction,bauxite-mining,2015,2015,co2e_100yr,0,annual,25116.93002
LCA,mineral-extraction,bauxite-mining,2016,2016,co2e_100yr,0,annual,25116.93002
LCA,mineral-extraction,bauxite-mining,2017,2017,co2e_100yr,0,annual,25116.93002
LCA,mineral-extraction,bauxite-mining,2018,2018,co2e_100yr,0,annual,25116.93002
LCA,mineral-extraction,bauxite-mining,2019,2019,co2e_100yr,0,annual,25116.93002
LCA,mineral-extraction,bauxite-mining,2020,2020,co2e_100yr,0,annual,25116.93002
LCA,mineral-extraction,bauxite-mining,2021,2021,co2e_100yr,0,annual,25116.93002
LCA,mineral-extraction,bauxite-mining,2022,2022,co2e_100yr,0,annual,25116.93002
LCA,mineral-extraction,bauxite-mining,2023,2023,co2e_100yr,0,annual,25116.93002
LCA,mineral-extraction,bauxite-mining,2024,2024,co2e_100yr,0,annual,25116.93002
LCA,mineral-extraction,bauxite-mining,2025,2025,co2e_100yr,0,annual,25116.93002
LIE,mineral-extraction,bauxite-mining,2015,2015,co2e_100yr,0,annual,25116.93002
LIE,mineral-extraction,bauxite-mining,2016,2016,co2e_100yr,0,annual,25116.93002
LIE,mineral-extraction,bauxite-mining,2017,2017,co2e_100yr,0,annual,25116.93002
LIE,mineral-extraction,bauxite-mining,2018,2018,co2e_100yr,0,annual,25116.93002
LIE,mineral-extraction,bauxite-mining,2019,2019,co2e_100yr,0,annual,25116.93002
LIE,mineral-extraction,bauxite-mining,2020,2020,co2e_100yr,0,annual,25116.93002
LIE,mineral-extraction,bauxite-mining,2021,2021,co2e_100yr,0,annual,25116.93002
LIE,mineral-extraction,bauxite-mining,2022,2022,co2e_100yr,0,annual,25116.93002
LIE,mineral-extraction,bauxite-mining,2023,2023,co2e_100yr,0,annual,25116.93002
LIE,mineral-extraction,bauxite-mining,2024,2024,co2e_100yr,0,annual,25116.93002
LIE,mineral-extraction,bauxite-mining,2025,2025,co2e_100yr,0,annual,25116.93002
LKA,mineral-extraction,bauxite-mining,2015,2015,co2e_100yr,0,annual,25116.93002
LKA,mineral-extraction,bauxite-mining,2016,2016,co2e_100yr,0,annual,25116.93002
LKA,mineral-extraction,bauxite-mining,2017,2017,co2e_100yr,0,annual,25116.93002
LKA,mineral-extraction,bauxite-mining,2018,2018,co2e_100yr,0,annual,25116.93002
LKA,mineral-extraction,bauxite-mining,2019,2019,co2e_100yr,0,annual,25116.93002
LKA,mineral-extraction,bauxite-mining,2020,2020,co2e_100yr,0,annual,25116.93002
LKA,mineral-extraction,bauxite-mining,2021,2021,co2e_100yr,0,annual,25116.93002
LKA,mineral-extraction,bauxite-mining,2022,2022,co2e_100yr,0,annual,25116.93002
LKA,mineral-extraction,bauxite-mining,2023,2023,co2e_100yr,0,annual,25116.93002
LKA,mineral-extraction,bauxite-mining,2024,2024,co2e_100yr,0,annual,25116.93002
LKA,mineral-extraction,bauxite-mining,2025,2025,co2e_100yr,0,annual,25116.93002
LSO,mineral-extraction,bauxite-mining,2015,2015,co2e_100yr,0,annual,25116.93002
LSO,mineral-extraction,bauxite-mining,2016,2016,co2e_100yr,0,annual,25116.93002
LSO,mineral-extraction,bauxite-mining,2017,2017,co2e_100yr,0,annual,25116.93002
LSO,mineral-extraction,bauxite-mining,2018,2018,co2e_100yr,0,annual,25116.93002
LSO,mineral-extraction,bauxite-mining,2019,2019,co2e_100yr,0,annual,25116.93002
LSO,mineral-extraction,bauxite-mining,2020,2020,co2e_100yr,0,annual,25116.93002
LSO,mineral-extraction,bauxite-mining,2021,2021,co2e_100yr,0,annual,25116.93002
LSO,mineral-extraction,bauxite-mining,2022,2022,co2e_100yr,0,annual,25116.93002
LSO,mineral-extraction,bauxite-mining,2023,2023,co2e_100yr,0,annual,25116.93002
LSO,mineral-extraction,bauxite-mining,2024,2024,co2e_100yr,0,annual,25116.93002
LSO,mineral-extraction,bauxite-mining,2025,2025,co2e_100yr,0,annual,25116.93002
LTU,mineral-extraction,bauxite-mining,2015,2015,co2e_100yr,0,annual,25116.93002
LTU,mineral-extraction,bauxite-mining,2016,2016,co2e_100yr,0,annual,25116.93002
LTU,mineral-extraction,bauxite-mining,2017,2017,co2e_100yr,0,annual,25116.93002
LTU,mineral-extraction,bauxite-mining,2018,2018,co2e_100yr,0,annual,25116.93002
LTU,mineral-extraction,bauxite-mining,2019,2019,co2e_100yr,0,annual,25116.93002
LTU,mineral-extraction,bauxite-mining,2020,2020,co2e_100yr,0,annual,25116.93002
LTU,mineral-extraction,bauxite-mining,2021,2021,co2e_100yr,0,annual,25116.93002
LTU,mineral-extraction,bauxite-mining,2022,2022,co2e_100yr,0,annual,25116.93002
LTU,mineral-extraction,bauxite-mining,2023,2023,co2e_100yr,0,annual,25116.93002
LTU,mineral-extraction,bauxite-mining,2024,2024,co2e_100yr,0,annual,25116.93002
LTU,mineral-extraction,bauxite-mining,2025,2025,co2e_100yr,0,annual,25116.93002
LUX,mineral-extraction,bauxite-mining,2015,2015,co2e_100yr,0,annual,25116.93002
LUX,mineral-extraction,bauxite-mining,2016,2016,co2e_100yr,0,annual,25116.93002
LUX,mineral-extraction,bauxite-mining,2017,2017,co2e_100yr,0,annual,25116.93002
LUX,mineral-extraction,bauxite-mining,2018,2018,co2e_100yr,0,annual,25116.93002
LUX,mineral-extraction,bauxite-mining,2019,2019,co2e_100yr,0,annual,25116.93002
LUX,mineral-extraction,bauxite-mining,2020,2020,co2e_100yr,0,annual,25116.93002
LUX,mineral-extraction,bauxite-mining,2021,2021,co2e_100yr,0,annual,25116.93002
LUX,mineral-extraction,bauxite-mining,2022,2022,co2e_100yr,0,annual,25116.93002
LUX,mineral-extraction,bauxite-mining,2023,2023,co2e_100yr,0,annual,25116.93002
LUX,mineral-extraction,bauxite-mining,2024,2024,co2e_100yr,0,annual,25116.93002
LUX,mineral-extraction,bauxite-mining,2025,2025,co2e_100yr,0,annual,25116.93002
LVA,mineral-extraction,bauxite-mining,2015,2015,co2e_100yr,0,annual,25116.93002
LVA,mineral-extraction,bauxite-mining,2016,2016,co2e_100yr,0,annual,25116.93002
LVA,mineral-extraction,bauxite-mining,2017,2017,co2e_100yr,0,annual,25116.93002
LVA,mineral-extraction,bauxite-mining,2018,2018,co2e_100yr,0,annual,25116.93002
LVA,mineral-extraction,bauxite-mining,2019,2019,co2e_100yr,0,annual,25116.93002
LVA,mineral-extraction,bauxite-mining,2020,2020,co2e_100yr,0,annual,25116.93002
LVA,mineral-extraction,bauxite-mining,2021,2021,co2e_100yr,0,annual,25116.93002
LVA,mineral-extraction,bauxite-mining,2022,2022,co2e_100yr,0,annual,25116.93002
LVA,mineral-extraction,bauxite-mining,2023,2023,co2e_100yr,0,annual,25116.93002
LVA,mineral-extraction,bauxite-mining,2024,2024,co2e_100yr,0,annual,25116.93002
LVA,mineral-extraction,bauxite-mining,2025,2025,co2e_100yr,0,annual,25116.93002
MAC,mineral-extraction,bauxite-mining,2015,2015,co2e_100yr,0,annual,25116.93002
MAC,mineral-extraction,bauxite-mining,2016,2016,co2e_100yr,0,annual,25116.93002
MAC,mineral-extraction,bauxite-mining,2017,2017,co2e_100yr,0,annual,25116.93002
MAC,mineral-extraction,bauxite-mining,2018,2018,co2e_100yr,0,annual,25116.93002
MAC,mineral-extraction,bauxite-mining,2019,2019,co2e_100yr,0,annual,25116.93002
MAC,mineral-extraction,bauxite-mining,2020,2020,co2e_100yr,0,annual,25116.93002
MAC,mineral-extraction,bauxite-mining,2021,2021,co2e_100yr,0,annual,25116.93002
MAC,mineral-extraction,bauxite-mining,2022,2022,co2e_100yr,0,annual,25116.93002
MAC,mineral-extraction,bauxite-mining,2023,2023,co2e_100yr,0,annual,25116.93002
MAC,mineral-extraction,bauxite-mining,2024,2024,co2e_100yr,0,annual,25116.93002
MAC,mineral-extraction,bauxite-mining,2025,2025,co2e_100yr,0,annual,25116.93002
MAF,mineral-extraction,bauxite-mining,2015,2015,co2e_100yr,0,annual,25116.93002
MAF,mineral-extraction,bauxite-mining,2016,2016,co2e_100yr,0,annual,25116.93002
MAF,mineral-extraction,bauxite-mining,2017,2017,co2e_100yr,0,annual,25116.93002
MAF,mineral-extraction,bauxite-mining,2018,2018,co2e_100yr,0,annual,25116.93002
MAF,mineral-extraction,bauxite-mining,2019,2019,co2e_100yr,0,annual,25116.93002
MAF,mineral-extraction,bauxite-mining,2020,2020,co2e_100yr,0,annual,25116.93002
MAF,mineral-extraction,bauxite-mining,2021,2021,co2e_100yr,0,annual,25116.93002
MAF,mineral-extraction,bauxite-mining,2022,2022,co2e_100yr,0,annual,25116.93002
MAF,mineral-extraction,bauxite-mining,2023,2023,co2e_100yr,0,annual,25116.93002
MAF,mineral-extraction,bauxite-mining,2024,2024,co2e_100yr,0,annual,25116.93002
MAF,mineral-extraction,bauxite-mining,2025,2025,co2e_100yr,0,annual,25116.93002
MAR,mineral-extraction,bauxite-mining,2015,2015,co2e_100yr,0,annual,25116.93002
MAR,mineral-extraction,bauxite-mining,2016,2016,co2e_100yr,0,annual,25116.93002
MAR,mineral-extraction,bauxite-mining,2017,2017,co2e_100yr,0,annual,25116.93002
MAR,mineral-extraction,bauxite-mining,2018,2018,co2e_100yr,0,annual,25116.93002
MAR,mineral-extraction,bauxite-mining,2019,2019,co2e_100yr,0,annual,25116.93002
MAR,mineral-extraction,bauxite-mining,2020,2020,co2e_100yr,0,annual,25116.93002
MAR,mineral-extraction,bauxite-mining,2021,2021,co2e_100yr,0,annual,25116.93002
MAR,mineral-extraction,bauxite-mining,2022,2022,co2e_100yr,0,annual,25116.93002
MAR,mineral-extraction,bauxite-mining,2023,2023,co2e_100yr,0,annual,25116.93002
MAR,mineral-extraction,bauxite-mining,2024,2024,co2e_100yr,0,annual,25116.93002
MAR,mineral-extraction,bauxite-mining,2025,2025,co2e_100yr,0,annual,25116.93002
MCO,mineral-extraction,bauxite-mining,2015,2015,co2e_100yr,0,annual,25116.93002
MCO,mineral-extraction,bauxite-mining,2016,2016,co2e_100yr,0,annual,25116.93002
MCO,mineral-extraction,bauxite-mining,2017,2017,co2e_100yr,0,annual,25116.93002
MCO,mineral-extraction,bauxite-mining,2018,2018,co2e_100yr,0,annual,25116.93002
MCO,mineral-extraction,bauxite-mining,2019,2019,co2e_100yr,0,annual,25116.93002
MCO,mineral-extraction,bauxite-mining,2020,2020,co2e_100yr,0,annual,25116.93002
MCO,mineral-extraction,bauxite-mining,2021,2021,co2e_100yr,0,annual,25116.93002
MCO,mineral-extraction,bauxite-mining,2022,2022,co2e_100yr,0,annual,25116.93002
MCO,mineral-extraction,bauxite-mining,2023,2023,co2e_100yr,0,annual,25116.93002
MCO,mineral-extraction,bauxite-mining,2024,2024,co2e_100yr,0,annual,25116.93002
MCO,mineral-extraction,bauxite-mining,2025,2025,co2e_100yr,0,annual,25116.93002
MDA,mineral-extraction,bauxite-mining,2015,2015,co2e_100yr,0,annual,25116.93002
MDA,mineral-extraction,bauxite-mining,2016,2016,co2e_100yr,0,annual,25116.93002
MDA,mineral-extraction,bauxite-mining,2017,2017,co2e_100yr,0,annual,25116.93002
MDA,mineral-extraction,bauxite-mining,2018,2018,co2e_100yr,0,annual,25116.93002
MDA,mineral-extraction,bauxite-mining,2019,2019,co2e_100yr,0,annual,25116.93002
MDA,mineral-extraction,bauxite-mining,2020,2020,co2e_100yr,0,annual,25116.93002
MDA,mineral-extraction,bauxite-mining,2021,2021,co2e_100yr,0,annual,25116.93002
MDA,mineral-extraction,bauxite-mining,2022,2022,co2e_100yr,0,annual,25116.93002
MDA,mineral-extraction,bauxite-mining,2023,2023,co2e_100yr,0,annual,25116.93002
MDA,mineral-extraction,bauxite-mining,2024,2024,co2e_100yr,0,annual,25116.93002
MDA,mineral-extraction,bauxite-mining,2025,2025,co2e_100yr,0,annual,25116.93002
MDG,mineral-extraction,bauxite-mining,2015,2015,co2e_100yr,0,annual,25116.93002
MDG,mineral-extraction,bauxite-mining,2016,2016,co2e_100yr,0,annual,25116.93002
MDG,mineral-extraction,bauxite-mining,2017,2017,co2e_100yr,0,annual,25116.93002
MDG,mineral-extraction,bauxite-mining,2018,2018,co2e_100yr,0,annual,25116.93002
MDG,mineral-extraction,bauxite-mining,2019,2019,co2e_100yr,0,annual,25116.93002
MDG,mineral-extraction,bauxite-mining,2020,2020,co2e_100yr,0,annual,25116.93002
MDG,mineral-extraction,bauxite-mining,2021,2021,co2e_100yr,0,annual,25116.93002
MDG,mineral-extraction,bauxite-mining,2022,2022,co2e_100yr,0,annual,25116.93002
MDG,mineral-extraction,bauxite-mining,2023,2023,co2e_100yr,0,annual,25116.93002
MDG,mineral-extraction,bauxite-mining,2024,2024,co2e_100yr,0,annual,25116.93002
MDG,mineral-extraction,bauxite-mining,2025,2025,co2e_100yr,0,annual,25116.93002
MDV,mineral-extraction,bauxite-mining,2015,2015,co2e_100yr,0,annual,25116.93002
MDV,mineral-extraction,bauxite-mining,2016,2016,co2e_100yr,0,annual,25116.93002
MDV,mineral-extraction,bauxite-mining,2017,2017,co2e_100yr,0,annual,25116.93002
MDV,mineral-extraction,bauxite-mining,2018,2018,co2e_100yr,0,annual,25116.93002
MDV,mineral-extraction,bauxite-mining,2019,2019,co2e_100yr,0,annual,25116.93002
MDV,mineral-extraction,bauxite-mining,2020,2020,co2e_100yr,0,annual,25116.93002
MDV,mineral-extraction,bauxite-mining,2021,2021,co2e_100yr,0,annual,25116.93002
MDV,mineral-extraction,bauxite-mining,2022,2022,co2e_100yr,0,annual,25116.93002
MDV,mineral-extraction,bauxite-mining,2023,2023,co2e_100yr,0,annual,25116.93002
MDV,mineral-extraction,bauxite-mining,2024,2024,co2e_100yr,0,annual,25116.93002
MDV,mineral-extraction,bauxite-mining,2025,2025,co2e_100yr,0,annual,25116.93002
MEX,mineral-extraction,bauxite-mining,2015,2015,co2e_100yr,0,annual,25116.93002
MEX,mineral-extraction,bauxite-mining,2016,2016,co2e_100yr,0,annual,25116.93002
MEX,mineral-extraction,bauxite-mining,2017,2017,co2e_100yr,0,annual,25116.93002
MEX,mineral-extraction,bauxite-mining,2018,2018,co2e_100yr,0,annual,25116.93002
MEX,mineral-extraction,bauxite-mining,2019,2019,co2e_100yr,0,annual,25116.93002
MEX,mineral-extraction,bauxite-mining,2020,2020,co2e_100yr,0,annual,25116.93002
MEX,mineral-extraction,bauxite-mining,2021,2021,co2e_100yr,0,annual,25116.93002
MEX,mineral-extraction,bauxite-mining,2022,2022,co2e_100yr,0,annual,25116.93002
MEX,mineral-extraction,bauxite-mining,2023,2023,co2e_100yr,0,annual,25116.93002
MEX,mineral-extraction,bauxite-mining,2024,2024,co2e_100yr,0,annual,25116.93002
MEX,mineral-extraction,bauxite-mining,2025,2025,co2e_100yr,0,annual,25116.93002
MHL,mineral-extraction,bauxite-mining,2015,2015,co2e_100yr,0,annual,25116.93002
MHL,mineral-extraction,bauxite-mining,2016,2016,co2e_100yr,0,annual,25116.93002
MHL,mineral-extraction,bauxite-mining,2017,2017,co2e_100yr,0,annual,25116.93002
MHL,mineral-extraction,bauxite-mining,2018,2018,co2e_100yr,0,annual,25116.93002
MHL,mineral-extraction,bauxite-mining,2019,2019,co2e_100yr,0,annual,25116.93002
MHL,mineral-extraction,bauxite-mining,2020,2020,co2e_100yr,0,annual,25116.93002
MHL,mineral-extraction,bauxite-mining,2021,2021,co2e_100yr,0,annual,25116.93002
MHL,mineral-extraction,bauxite-mining,2022,2022,co2e_100yr,0,annual,25116.93002
MHL,mineral-extraction,bauxite-mining,2023,2023,co2e_100yr,0,annual,25116.93002
MHL,mineral-extraction,bauxite-mining,2024,2024,co2e_100yr,0,annual,25116.93002
MHL,mineral-extraction,bauxite-mining,2025,2025,co2e_100yr,0,annual,25116.93002
MKD,mineral-extraction,bauxite-mining,2015,2015,co2e_100yr,0,annual,25116.93002
MKD,mineral-extraction,bauxite-mining,2016,2016,co2e_100yr,0,annual,25116.93002
MKD,mineral-extraction,bauxite-mining,2017,2017,co2e_100yr,0,annual,25116.93002
MKD,mineral-extraction,bauxite-mining,2018,2018,co2e_100yr,0,annual,25116.93002
MKD,mineral-extraction,bauxite-mining,2019,2019,co2e_100yr,0,annual,25116.93002
MKD,mineral-extraction,bauxite-mining,2020,2020,co2e_100yr,0,annual,25116.93002
MKD,mineral-extraction,bauxite-mining,2021,2021,co2e_100yr,0,annual,25116.93002
MKD,mineral-extraction,bauxite-mining,2022,2022,co2e_100yr,0,annual,25116.93002
MKD,mineral-extraction,bauxite-mining,2023,2023,co2e_100yr,0,annual,25116.93002
MKD,mineral-extraction,bauxite-mining,2024,2024,co2e_100yr,0,annual,25116.93002
MKD,mineral-extraction,bauxite-mining,2025,2025,co2e_100yr,0,annual,25116.93002
MLI,mineral-extraction,bauxite-mining,2015,2015,co2e_100yr,0,annual,25116.93002
MLI,mineral-extraction,bauxite-mining,2016,2016,co2e_100yr,0,annual,25116.93002
MLI,mineral-extraction,bauxite-mining,2017,2017,co2e_100yr,0,annual,25116.93002
MLI,mineral-extraction,bauxite-mining,2018,2018,co2e_100yr,0,annual,25116.93002
MLI,mineral-extraction,bauxite-mining,2019,2019,co2e_100yr,0,annual,25116.93002
MLI,mineral-extraction,bauxite-mining,2020,2020,co2e_100yr,0,annual,25116.93002
MLI,mineral-extraction,bauxite-mining,2021,2021,co2e_100yr,0,annual,25116.93002
MLI,mineral-extraction,bauxite-mining,2022,2022,co2e_100yr,0,annual,25116.93002
MLI,mineral-extraction,bauxite-mining,2023,2023,co2e_100yr,0,annual,25116.93002
MLI,mineral-extraction,bauxite-mining,2024,2024,co2e_100yr,0,annual,25116.93002
MLI,mineral-extraction,bauxite-mining,2025,2025,co2e_100yr,0,annual,25116.93002
MLT,mineral-extraction,bauxite-mining,2015,2015,co2e_100yr,0,annual,25116.93002
MLT,mineral-extraction,bauxite-mining,2016,2016,co2e_100yr,0,annual,25116.93002
MLT,mineral-extraction,bauxite-mining,2017,2017,co2e_100yr,0,annual,25116.93002
MLT,mineral-extraction,bauxite-mining,2018,2018,co2e_100yr,0,annual,25116.93002
MLT,mineral-extraction,bauxite-mining,2019,2019,co2e_100yr,0,annual,25116.93002
MLT,mineral-extraction,bauxite-mining,2020,2020,co2e_100yr,0,annual,25116.93002
MLT,mineral-extraction,bauxite-mining,2021,2021,co2e_100yr,0,annual,25116.93002
MLT,mineral-extraction,bauxite-mining,2022,2022,co2e_100yr,0,annual,25116.93002
MLT,mineral-extraction,bauxite-mining,2023,2023,co2e_100yr,0,annual,25116.93002
MLT,mineral-extraction,bauxite-mining,2024,2024,co2e_100yr,0,annual,25116.93002
MLT,mineral-extraction,bauxite-mining,2025,2025,co2e_100yr,0,annual,25116.93002
MMR,mineral-extraction,bauxite-mining,2015,2015,co2e_100yr,0,annual,25116.93002
MMR,mineral-extraction,bauxite-mining,2016,2016,co2e_100yr,0,annual,25116.93002
MMR,mineral-extraction,bauxite-mining,2017,2017,co2e_100yr,0,annual,25116.93002
MMR,mineral-extraction,bauxite-mining,2018,2018,co2e_100yr,0,annual,25116.93002
MMR,mineral-extraction,bauxite-mining,2019,2019,co2e_100yr,0,annual,25116.93002
MMR,mineral-extraction,bauxite-mining,2020,2020,co2e_100yr,0,annual,25116.93002
MMR,mineral-extraction,bauxite-mining,2021,2021,co2e_100yr,0,annual,25116.93002
MMR,mineral-extraction,bauxite-mining,2022,2022,co2e_100yr,0,annual,25116.93002
MMR,mineral-extraction,bauxite-mining,2023,2023,co2e_100yr,0,annual,25116.93002
MMR,mineral-extraction,bauxite-mining,2024,2024,co2e_100yr,0,annual,25116.93002
MMR,mineral-extraction,bauxite-mining,2025,2025,co2e_100yr,0,annual,25116.93002
MNE,mineral-extraction,bauxite-mining,2015,2015,co2e_100yr,747.22,annual,747.215544
MNE,mineral-extraction,bauxite-mining,2016,2016,co2e_100yr,9968,annual,9967.998855
MNE,mineral-extraction,bauxite-mining,2017,2017,co2e_100yr,13868.07,annual,13868.0745
MNE,mineral-extraction,bauxite-mining,2018,2018,co2e_100yr,6993.49,annual,6993.486498
MNE,mineral-extraction,bauxite-mining,2019,2019,co2e_100yr,11582.35,annual,11582.35343
MNE,mineral-extraction,bauxite-mining,2020,2020,co2e_100yr,8994.26,annual,8994.261178
MNE,mineral-extraction,bauxite-mining,2021,2021,co2e_100yr,13991.72,annual,13991.71874
MNE,mineral-extraction,bauxite-mining,2022,2022,co2e_100yr,17712.72,annual,17712.71874
MNE,mineral-extraction,bauxite-mining,2023,2023,co2e_100yr,26148.72,annual,26148.71874
MNE,mineral-extraction,bauxite-mining,2024,2024,co2e_100yr,29484,annual,29484
MNE,mineral-extraction,bauxite-mining,2025,2025,co2e_100yr,27027,annual,27027
MNG,mineral-extraction,bauxite-mining,2015,2015,co2e_100yr,0,annual,25116.93002
MNG,mineral-extraction,bauxite-mining,2016,2016,co2e_100yr,0,annual,25116.93002
MNG,mineral-extraction,bauxite-mining,2017,2017,co2e_100yr,0,annual,25116.93002
MNG,mineral-extraction,bauxite-mining,2018,2018,co2e_100yr,0,annual,25116.93002
MNG,mineral-extraction,bauxite-mining,2019,2019,co2e_100yr,0,annual,25116.93002
MNG,mineral-extraction,bauxite-mining,2020,2020,co2e_100yr,0,annual,25116.93002
MNG,mineral-extraction,bauxite-mining,2021,2021,co2e_100yr,0,annual,25116.93002
MNG,mineral-extraction,bauxite-mining,2022,2022,co2e_100yr,0,annual,25116.93002
MNG,mineral-extraction,bauxite-mining,2023,2023,co2e_100yr,0,annual,25116.93002
MNG,mineral-extraction,bauxite-mining,2024,2024,co2e_100yr,0,annual,25116.93002
MNG,mineral-extraction,bauxite-mining,2025,2025,co2e_100yr,0,annual,25116.93002
MNP,mineral-extraction,bauxite-mining,2015,2015,co2e_100yr,0,annual,25116.93002
MNP,mineral-extraction,bauxite-mining,2016,2016,co2e_100yr,0,annual,25116.93002
MNP,mineral-extraction,bauxite-mining,2017,2017,co2e_100yr,0,annual,25116.93002
MNP,mineral-extraction,bauxite-mining,2018,2018,co2e_100yr,0,annual,25116.93002
MNP,mineral-extraction,bauxite-mining,2019,2019,co2e_100yr,0,annual,25116.93002
MNP,mineral-extraction,bauxite-mining,2020,2020,co2e_100yr,0,annual,25116.93002
MNP,mineral-extraction,bauxite-mining,2021,2021,co2e_100yr,0,annual,25116.93002
MNP,mineral-extraction,bauxite-mining,2022,2022,co2e_100yr,0,annual,25116.93002
MNP,mineral-extraction,bauxite-mining,2023,2023,co2e_100yr,0,annual,25116.93002
MNP,mineral-extraction,bauxite-mining,2024,2024,co2e_100yr,0,annual,25116.93002
MNP,mineral-extraction,bauxite-mining,2025,2025,co2e_100yr,0,annual,25116.93002
MOZ,mineral-extraction,bauxite-mining,2015,2015,co2e_100yr,87,annual,87
MOZ,mineral-extraction,bauxite-mining,2016,2016,co2e_100yr,17,annual,17
MOZ,mineral-extraction,bauxite-mining,2017,2017,co2e_100yr,52,annual,52
MOZ,mineral-extraction,bauxite-mining,2018,2018,co2e_100yr,174,annual,174
MOZ,mineral-extraction,bauxite-mining,2019,2019,co2e_100yr,139,annual,139
MOZ,mineral-extraction,bauxite-mining,2020,2020,co2e_100yr,140,annual,140
MOZ,mineral-extraction,bauxite-mining,2021,2021,co2e_100yr,121,annual,121
MOZ,mineral-extraction,bauxite-mining,2022,2022,co2e_100yr,140,annual,140
MOZ,mineral-extraction,bauxite-mining,2023,2023,co2e_100yr,144,annual,144
MOZ,mineral-extraction,bauxite-mining,2024,2024,co2e_100yr,152,annual,152
MOZ,mineral-extraction,bauxite-mining,2025,2025,co2e_100yr,139.06,annual,139.0553762
MRT,mineral-extraction,bauxite-mining,2015,2015,co2e_100yr,0,annual,25116.93002
MRT,mineral-extraction,bauxite-mining,2016,2016,co2e_100yr,0,annual,25116.93002
MRT,mineral-extraction,bauxite-mining,2017,2017,co2e_100yr,0,annual,25116.93002
MRT,mineral-extraction,bauxite-mining,2018,2018,co2e_100yr,0,annual,25116.93002
MRT,mineral-extraction,bauxite-mining,2019,2019,co2e_100yr,0,annual,25116.93002
MRT,mineral-extraction,bauxite-mining,2020,2020,co2e_100yr,0,annual,25116.93002
MRT,mineral-extraction,bauxite-mining,2021,2021,co2e_100yr,0,annual,25116.93002
MRT,mineral-extraction,bauxite-mining,2022,2022,co2e_100yr,0,annual,25116.93002
MRT,mineral-extraction,bauxite-mining,2023,2023,co2e_100yr,0,annual,25116.93002
MRT,mineral-extraction,bauxite-mining,2024,2024,co2e_100yr,0,annual,25116.93002
MRT,mineral-extraction,bauxite-mining,2025,2025,co2e_100yr,0,annual,25116.93002
MSR,mineral-extraction,bauxite-mining,2015,2015,co2e_100yr,0,annual,25116.93002
MSR,mineral-extraction,bauxite-mining,2016,2016,co2e_100yr,0,annual,25116.93002
MSR,mineral-extraction,bauxite-mining,2017,2017,co2e_100yr,0,annual,25116.93002
MSR,mineral-extraction,bauxite-mining,2018,2018,co2e_100yr,0,annual,25116.93002
MSR,mineral-extraction,bauxite-mining,2019,2019,co2e_100yr,0,annual,25116.93002
MSR,mineral-extraction,bauxite-mining,2020,2020,co2e_100yr,0,annual,25116.93002
MSR,mineral-extraction,bauxite-mining,2021,2021,co2e_100yr,0,annual,25116.93002
MSR,mineral-extraction,bauxite-mining,2022,2022,co2e_100yr,0,annual,25116.93002
MSR,mineral-extraction,bauxite-mining,2023,2023,co2e_100yr,0,annual,25116.93002
MSR,mineral-extraction,bauxite-mining,2024,2024,co2e_100yr,0,annual,25116.93002
MSR,mineral-extraction,bauxite-mining,2025,2025,co2e_100yr,0,annual,25116.93002
MTQ,mineral-extraction,bauxite-mining,2015,2015,co2e_100yr,0,annual,25116.93002
MTQ,mineral-extraction,bauxite-mining,2016,2016,co2e_100yr,0,annual,25116.93002
MTQ,mineral-extraction,bauxite-mining,2017,2017,co2e_100yr,0,annual,25116.93002
MTQ,mineral-extraction,bauxite-mining,2018,2018,co2e_100yr,0,annual,25116.93002
MTQ,mineral-extraction,bauxite-mining,2019,2019,co2e_100yr,0,annual,25116.93002
MTQ,mineral-extraction,bauxite-mining,2020,2020,co2e_100yr,0,annual,25116.93002
MTQ,mineral-extraction,bauxite-mining,2021,2021,co2e_100yr,0,annual,25116.93002
MTQ,mineral-extraction,bauxite-mining,2022,2022,co2e_100yr,0,annual,25116.93002
MTQ,mineral-extraction,bauxite-mining,2023,2023,co2e_100yr,0,annual,25116.93002
MTQ,mineral-extraction,bauxite-mining,2024,2024,co2e_100yr,0,annual,25116.93002
MTQ,mineral-extraction,bauxite-mining,2025,2025,co2e_100yr,0,annual,25116.93002
MUS,mineral-extraction,bauxite-mining,2015,2015,co2e_100yr,0,annual,25116.93002
MUS,mineral-extraction,bauxite-mining,2016,2016,co2e_100yr,0,annual,25116.93002
MUS,mineral-extraction,bauxite-mining,2017,2017,co2e_100yr,0,annual,25116.93002
MUS,mineral-extraction,bauxite-mining,2018,2018,co2e_100yr,0,annual,25116.93002
MUS,mineral-extraction,bauxite-mining,2019,2019,co2e_100yr,0,annual,25116.93002
MUS,mineral-extraction,bauxite-mining,2020,2020,co2e_100yr,0,annual,25116.93002
MUS,mineral-extraction,bauxite-mining,2021,2021,co2e_100yr,0,annual,25116.93002
MUS,mineral-extraction,bauxite-mining,2022,2022,co2e_100yr,0,annual,25116.93002
MUS,mineral-extraction,bauxite-mining,2023,2023,co2e_100yr,0,annual,25116.93002
MUS,mineral-extraction,bauxite-mining,2024,2024,co2e_100yr,0,annual,25116.93002
MUS,mineral-extraction,bauxite-mining,2025,2025,co2e_100yr,0,annual,25116.93002
MWI,mineral-extraction,bauxite-mining,2015,2015,co2e_100yr,0,annual,25116.93002
MWI,mineral-extraction,bauxite-mining,2016,2016,co2e_100yr,0,annual,25116.93002
MWI,mineral-extraction,bauxite-mining,2017,2017,co2e_100yr,0,annual,25116.93002
MWI,mineral-extraction,bauxite-mining,2018,2018,co2e_100yr,0,annual,25116.93002
MWI,mineral-extraction,bauxite-mining,2019,2019,co2e_100yr,0,annual,25116.93002
MWI,mineral-extraction,bauxite-mining,2020,2020,co2e_100yr,0,annual,25116.93002
MWI,mineral-extraction,bauxite-mining,2021,2021,co2e_100yr,0,annual,25116.93002
MWI,mineral-extraction,bauxite-mining,2022,2022,co2e_100yr,0,annual,25116.93002
MWI,mineral-extraction,bauxite-mining,2023,2023,co2e_100yr,0,annual,25116.93002
MWI,mineral-extraction,bauxite-mining,2024,2024,co2e_100yr,0,annual,25116.93002
MWI,mineral-extraction,bauxite-mining,2025,2025,co2e_100yr,0,annual,25116.93002
MYS,mineral-extraction,bauxite-mining,2015,2015,co2e_100yr,283500,annual,283500.0021
MYS,mineral-extraction,bauxite-mining,2016,2016,co2e_100yr,24300,annual,24300.00018
MYS,mineral-extraction,bauxite-mining,2017,2017,co2e_100yr,16200,annual,16200.00012
MYS,mineral-extraction,bauxite-mining,2018,2018,co2e_100yr,4779,annual,4779.000035
MYS,mineral-extraction,bauxite-mining,2019,2019,co2e_100yr,7298,annual,7298.000053
MYS,mineral-extraction,bauxite-mining,2020,2020,co2e_100yr,4248,annual,4248.000031
MYS,mineral-extraction,bauxite-mining,2021,2021,co2e_100yr,29538,annual,29538
MYS,mineral-extraction,bauxite-mining,2022,2022,co2e_100yr,32329.29,annual,32329.28968
MYS,mineral-extraction,bauxite-mining,2023,2023,co2e_100yr,32329.29,annual,32329.28968
MYS,mineral-extraction,bauxite-mining,2024,2024,co2e_100yr,32329.29,annual,32329.28968
MYS,mineral-extraction,bauxite-mining,2025,2025,co2e_100yr,29635.18,annual,29635.1822
MYT,mineral-extraction,bauxite-mining,2015,2015,co2e_100yr,0,annual,25116.93002
MYT,mineral-extraction,bauxite-mining,2016,2016,co2e_100yr,0,annual,25116.93002
MYT,mineral-extraction,bauxite-mining,2017,2017,co2e_100yr,0,annual,25116.93002
MYT,mineral-extraction,bauxite-mining,2018,2018,co2e_100yr,0,annual,25116.93002
MYT,mineral-extraction,bauxite-mining,2019,2019,co2e_100yr,0,annual,25116.93002
MYT,mineral-extraction,bauxite-mining,2020,2020,co2e_100yr,0,annual,25116.93002
MYT,mineral-extraction,bauxite-mining,2021,2021,co2e_100yr,0,annual,25116.93002
MYT,mineral-extraction,bauxite-mining,2022,2022,co2e_100yr,0,annual,25116.93002
MYT,mineral-extraction,bauxite-mining,2023,2023,co2e_100yr,0,annual,25116.93002
MYT,mineral-extraction,bauxite-mining,2024,2024,co2e_100yr,0,annual,25116.93002
MYT,mineral-extraction,bauxite-mining,2025,2025,co2e_100yr,0,annual,25116.93002
NAM,mineral-extraction,bauxite-mining,2015,2015,co2e_100yr,0,annual,25116.93002
NAM,mineral-extraction,bauxite-mining,2016,2016,co2e_100yr,0,annual,25116.93002
NAM,mineral-extraction,bauxite-mining,2017,2017,co2e_100yr,0,annual,25116.93002
NAM,mineral-extraction,bauxite-mining,2018,2018,co2e_100yr,0,annual,25116.93002
NAM,mineral-extraction,bauxite-mining,2019,2019,co2e_100yr,0,annual,25116.93002
NAM,mineral-extraction,bauxite-mining,2020,2020,co2e_100yr,0,annual,25116.93002
NAM,mineral-extraction,bauxite-mining,2021,2021,co2e_100yr,0,annual,25116.93002
NAM,mineral-extraction,bauxite-mining,2022,2022,co2e_100yr,0,annual,25116.93002
NAM,mineral-extraction,bauxite-mining,2023,2023,co2e_100yr,0,annual,25116.93002
NAM,mineral-extraction,bauxite-mining,2024,2024,co2e_100yr,0,annual,25116.93002
NAM,mineral-extraction,bauxite-mining,2025,2025,co2e_100yr,0,annual,25116.93002
NCL,mineral-extraction,bauxite-mining,2015,2015,co2e_100yr,0,annual,25116.93002
NCL,mineral-extraction,bauxite-mining,2016,2016,co2e_100yr,0,annual,25116.93002
NCL,mineral-extraction,bauxite-mining,2017,2017,co2e_100yr,0,annual,25116.93002
NCL,mineral-extraction,bauxite-mining,2018,2018,co2e_100yr,0,annual,25116.93002
NCL,mineral-extraction,bauxite-mining,2019,2019,co2e_100yr,0,annual,25116.93002
NCL,mineral-extraction,bauxite-mining,2020,2020,co2e_100yr,0,annual,25116.93002
NCL,mineral-extraction,bauxite-mining,2021,2021,co2e_100yr,0,annual,25116.93002
NCL,mineral-extraction,bauxite-mining,2022,2022,co2e_100yr,0,annual,25116.93002
NCL,mineral-extraction,bauxite-mining,2023,2023,co2e_100yr,0,annual,25116.93002
NCL,mineral-extraction,bauxite-mining,2024,2024,co2e_100yr,0,annual,25116.93002
NCL,mineral-extraction,bauxite-mining,2025,2025,co2e_100yr,0,annual,25116.93002
NER,mineral-extraction,bauxite-mining,2015,2015,co2e_100yr,0,annual,25116.93002
NER,mineral-extraction,bauxite-mining,2016,2016,co2e_100yr,0,annual,25116.93002
NER,mineral-extraction,bauxite-mining,2017,2017,co2e_100yr,0,annual,25116.93002
NER,mineral-extraction,bauxite-mining,2018,2018,co2e_100yr,0,annual,25116.93002
NER,mineral-extraction,bauxite-mining,2019,2019,co2e_100yr,0,annual,25116.93002
NER,mineral-extraction,bauxite-mining,2020,2020,co2e_100yr,0,annual,25116.93002
NER,mineral-extraction,bauxite-mining,2021,2021,co2e_100yr,0,annual,25116.93002
NER,mineral-extraction,bauxite-mining,2022,2022,co2e_100yr,0,annual,25116.93002
NER,mineral-extraction,bauxite-mining,2023,2023,co2e_100yr,0,annual,25116.93002
NER,mineral-extraction,bauxite-mining,2024,2024,co2e_100yr,0,annual,25116.93002
NER,mineral-extraction,bauxite-mining,2025,2025,co2e_100yr,0,annual,25116.93002
NFK,mineral-extraction,bauxite-mining,2015,2015,co2e_100yr,0,annual,25116.93002
NFK,mineral-extraction,bauxite-mining,2016,2016,co2e_100yr,0,annual,25116.93002
NFK,mineral-extraction,bauxite-mining,2017,2017,co2e_100yr,0,annual,25116.93002
NFK,mineral-extraction,bauxite-mining,2018,2018,co2e_100yr,0,annual,25116.93002
NFK,mineral-extraction,bauxite-mining,2019,2019,co2e_100yr,0,annual,25116.93002
NFK,mineral-extraction,bauxite-mining,2020,2020,co2e_100yr,0,annual,25116.93002
NFK,mineral-extraction,bauxite-mining,2021,2021,co2e_100yr,0,annual,25116.93002
NFK,mineral-extraction,bauxite-mining,2022,2022,co2e_100yr,0,annual,25116.93002
NFK,mineral-extraction,bauxite-mining,2023,2023,co2e_100yr,0,annual,25116.93002
NFK,mineral-extraction,bauxite-mining,2024,2024,co2e_100yr,0,annual,25116.93002
NFK,mineral-extraction,bauxite-mining,2025,2025,co2e_100yr,0,annual,25116.93002
NGA,mineral-extraction,bauxite-mining,2015,2015,co2e_100yr,0,annual,25116.93002
NGA,mineral-extraction,bauxite-mining,2016,2016,co2e_100yr,0,annual,25116.93002
NGA,mineral-extraction,bauxite-mining,2017,2017,co2e_100yr,0,annual,25116.93002
NGA,mineral-extraction,bauxite-mining,2018,2018,co2e_100yr,0,annual,25116.93002
NGA,mineral-extraction,bauxite-mining,2019,2019,co2e_100yr,0,annual,25116.93002
NGA,mineral-extraction,bauxite-mining,2020,2020,co2e_100yr,0,annual,25116.93002
NGA,mineral-extraction,bauxite-mining,2021,2021,co2e_100yr,0,annual,25116.93002
NGA,mineral-extraction,bauxite-mining,2022,2022,co2e_100yr,0,annual,25116.93002
NGA,mineral-extraction,bauxite-mining,2023,2023,co2e_100yr,0,annual,25116.93002
NGA,mineral-extraction,bauxite-mining,2024,2024,co2e_100yr,0,annual,25116.93002
NGA,mineral-extraction,bauxite-mining,2025,2025,co2e_100yr,0,annual,25116.93002
NIC,mineral-extraction,bauxite-mining,2015,2015,co2e_100yr,0,annual,25116.93002
NIC,mineral-extraction,bauxite-mining,2016,2016,co2e_100yr,0,annual,25116.93002
NIC,mineral-extraction,bauxite-mining,2017,2017,co2e_100yr,0,annual,25116.93002
NIC,mineral-extraction,bauxite-mining,2018,2018,co2e_100yr,0,annual,25116.93002
NIC,mineral-extraction,bauxite-mining,2019,2019,co2e_100yr,0,annual,25116.93002
NIC,mineral-extraction,bauxite-mining,2020,2020,co2e_100yr,0,annual,25116.93002
NIC,mineral-extraction,bauxite-mining,2021,2021,co2e_100yr,0,annual,25116.93002
NIC,mineral-extraction,bauxite-mining,2022,2022,co2e_100yr,0,annual,25116.93002
NIC,mineral-extraction,bauxite-mining,2023,2023,co2e_100yr,0,annual,25116.93002
NIC,mineral-extraction,bauxite-mining,2024,2024,co2e_100yr,0,annual,25116.93002
NIC,mineral-extraction,bauxite-mining,2025,2025,co2e_100yr,0,annual,25116.93002
NIU,mineral-extraction,bauxite-mining,2015,2015,co2e_100yr,0,annual,25116.93002
NIU,mineral-extraction,bauxite-mining,2016,2016,co2e_100yr,0,annual,25116.93002
NIU,mineral-extraction,bauxite-mining,2017,2017,co2e_100yr,0,annual,25116.93002
NIU,mineral-extraction,bauxite-mining,2018,2018,co2e_100yr,0,annual,25116.93002
NIU,mineral-extraction,bauxite-mining,2019,2019,co2e_100yr,0,annual,25116.93002
NIU,mineral-extraction,bauxite-mining,2020,2020,co2e_100yr,0,annual,25116.93002
NIU,mineral-extraction,bauxite-mining,2021,2021,co2e_100yr,0,annual,25116.93002
NIU,mineral-extraction,bauxite-mining,2022,2022,co2e_100yr,0,annual,25116.93002
NIU,mineral-extraction,bauxite-mining,2023,2023,co2e_100yr,0,annual,25116.93002
NIU,mineral-extraction,bauxite-mining,2024,2024,co2e_100yr,0,annual,25116.93002
NIU,mineral-extraction,bauxite-mining,2025,2025,co2e_100yr,0,annual,25116.93002
NLD,mineral-extraction,bauxite-mining,2015,2015,co2e_100yr,0,annual,25116.93002
NLD,mineral-extraction,bauxite-mining,2016,2016,co2e_100yr,0,annual,25116.93002
NLD,mineral-extraction,bauxite-mining,2017,2017,co2e_100yr,0,annual,25116.93002
NLD,mineral-extraction,bauxite-mining,2018,2018,co2e_100yr,0,annual,25116.93002
NLD,mineral-extraction,bauxite-mining,2019,2019,co2e_100yr,0,annual,25116.93002
NLD,mineral-extraction,bauxite-mining,2020,2020,co2e_100yr,0,annual,25116.93002
NLD,mineral-extraction,bauxite-mining,2021,2021,co2e_100yr,0,annual,25116.93002
NLD,mineral-extraction,bauxite-mining,2022,2022,co2e_100yr,0,annual,25116.93002
NLD,mineral-extraction,bauxite-mining,2023,2023,co2e_100yr,0,annual,25116.93002
NLD,mineral-extraction,bauxite-mining,2024,2024,co2e_100yr,0,annual,25116.93002
NLD,mineral-extraction,bauxite-mining,2025,2025,co2e_100yr,0,annual,25116.93002
NOR,mineral-extraction,bauxite-mining,2015,2015,co2e_100yr,0,annual,25116.93002
NOR,mineral-extraction,bauxite-mining,2016,2016,co2e_100yr,0,annual,25116.93002
NOR,mineral-extraction,bauxite-mining,2017,2017,co2e_100yr,0,annual,25116.93002
NOR,mineral-extraction,bauxite-mining,2018,2018,co2e_100yr,0,annual,25116.93002
NOR,mineral-extraction,bauxite-mining,2019,2019,co2e_100yr,0,annual,25116.93002
NOR,mineral-extraction,bauxite-mining,2020,2020,co2e_100yr,0,annual,25116.93002
NOR,mineral-extraction,bauxite-mining,2021,2021,co2e_100yr,0,annual,25116.93002
NOR,mineral-extraction,bauxite-mining,2022,2022,co2e_100yr,0,annual,25116.93002
NOR,mineral-extraction,bauxite-mining,2023,2023,co2e_100yr,0,annual,25116.93002
NOR,mineral-extraction,bauxite-mining,2024,2024,co2e_100yr,0,annual,25116.93002
NOR,mineral-extraction,bauxite-mining,2025,2025,co2e_100yr,0,annual,25116.93002
NPL,mineral-extraction,bauxite-mining,2015,2015,co2e_100yr,0,annual,25116.93002
NPL,mineral-extraction,bauxite-mining,2016,2016,co2e_100yr,0,annual,25116.93002
NPL,mineral-extraction,bauxite-mining,2017,2017,co2e_100yr,0,annual,25116.93002
NPL,mineral-extraction,bauxite-mining,2018,2018,co2e_100yr,0,annual,25116.93002
NPL,mineral-extraction,bauxite-mining,2019,2019,co2e_100yr,0,annual,25116.93002
NPL,mineral-extraction,bauxite-mining,2020,2020,co2e_100yr,0,annual,25116.93002
NPL,mineral-extraction,bauxite-mining,2021,2021,co2e_100yr,0,annual,25116.93002
NPL,mineral-extraction,bauxite-mining,2022,2022,co2e_100yr,0,annual,25116.93002
NPL,mineral-extraction,bauxite-mining,2023,2023,co2e_100yr,0,annual,25116.93002
NPL,mineral-extraction,bauxite-mining,2024,2024,co2e_100yr,0,annual,25116.93002
NPL,mineral-extraction,bauxite-mining,2025,2025,co2e_100yr,0,annual,25116.93002
NRU,mineral-extraction,bauxite-mining,2015,2015,co2e_100yr,0,annual,25116.93002
NRU,mineral-extraction,bauxite-mining,2016,2016,co2e_100yr,0,annual,25116.93002
NRU,mineral-extraction,bauxite-mining,2017,2017,co2e_100yr,0,annual,25116.93002
NRU,mineral-extraction,bauxite-mining,2018,2018,co2e_100yr,0,annual,25116.93002
NRU,mineral-extraction,bauxite-mining,2019,2019,co2e_100yr,0,annual,25116.93002
NRU,mineral-extraction,bauxite-mining,2020,2020,co2e_100yr,0,annual,25116.93002
NRU,mineral-extraction,bauxite-mining,2021,2021,co2e_100yr,0,annual,25116.93002
NRU,mineral-extraction,bauxite-mining,2022,2022,co2e_100yr,0,annual,25116.93002
NRU,mineral-extraction,bauxite-mining,2023,2023,co2e_100yr,0,annual,25116.93002
NRU,mineral-extraction,bauxite-mining,2024,2024,co2e_100yr,0,annual,25116.93002
NRU,mineral-extraction,bauxite-mining,2025,2025,co2e_100yr,0,annual,25116.93002
NZL,mineral-extraction,bauxite-mining,2015,2015,co2e_100yr,0,annual,25116.93002
NZL,mineral-extraction,bauxite-mining,2016,2016,co2e_100yr,0,annual,25116.93002
NZL,mineral-extraction,bauxite-mining,2017,2017,co2e_100yr,0,annual,25116.93002
NZL,mineral-extraction,bauxite-mining,2018,2018,co2e_100yr,0,annual,25116.93002
NZL,mineral-extraction,bauxite-mining,2019,2019,co2e_100yr,0,annual,25116.93002
NZL,mineral-extraction,bauxite-mining,2020,2020,co2e_100yr,0,annual,25116.93002
NZL,mineral-extraction,bauxite-mining,2021,2021,co2e_100yr,0,annual,25116.93002
NZL,mineral-extraction,bauxite-mining,2022,2022,co2e_100yr,0,annual,25116.93002
NZL,mineral-extraction,bauxite-mining,2023,2023,co2e_100yr,0,annual,25116.93002
NZL,mineral-extraction,bauxite-mining,2024,2024,co2e_100yr,0,annual,25116.93002
NZL,mineral-extraction,bauxite-mining,2025,2025,co2e_100yr,0,annual,25116.93002
OMN,mineral-extraction,bauxite-mining,2015,2015,co2e_100yr,0,annual,25116.93002
OMN,mineral-extraction,bauxite-mining,2016,2016,co2e_100yr,0,annual,25116.93002
OMN,mineral-extraction,bauxite-mining,2017,2017,co2e_100yr,0,annual,25116.93002
OMN,mineral-extraction,bauxite-mining,2018,2018,co2e_100yr,0,annual,25116.93002
OMN,mineral-extraction,bauxite-mining,2019,2019,co2e_100yr,0,annual,25116.93002
OMN,mineral-extraction,bauxite-mining,2020,2020,co2e_100yr,0,annual,25116.93002
OMN,mineral-extraction,bauxite-mining,2021,2021,co2e_100yr,0,annual,25116.93002
OMN,mineral-extraction,bauxite-mining,2022,2022,co2e_100yr,0,annual,25116.93002
OMN,mineral-extraction,bauxite-mining,2023,2023,co2e_100yr,0,annual,25116.93002
OMN,mineral-extraction,bauxite-mining,2024,2024,co2e_100yr,0,annual,25116.93002
OMN,mineral-extraction,bauxite-mining,2025,2025,co2e_100yr,0,annual,25116.93002
PAK,mineral-extraction,bauxite-mining,2015,2015,co2e_100yr,251,annual,251
PAK,mineral-extraction,bauxite-mining,2016,2016,co2e_100yr,729,annual,729
PAK,mineral-extraction,bauxite-mining,2017,2017,co2e_100yr,834,annual,834
PAK,mineral-extraction,bauxite-mining,2018,2018,co2e_100yr,980,annual,980
PAK,mineral-extraction,bauxite-mining,2019,2019,co2e_100yr,502,annual,502
PAK,mineral-extraction,bauxite-mining,2020,2020,co2e_100yr,432,annual,432
PAK,mineral-extraction,bauxite-mining,2021,2021,co2e_100yr,663,annual,663
PAK,mineral-extraction,bauxite-mining,2022,2022,co2e_100yr,1009,annual,1009
PAK,mineral-extraction,bauxite-mining,2023,2023,co2e_100yr,1363,annual,1363
PAK,mineral-extraction,bauxite-mining,2024,2024,co2e_100yr,866,annual,866
PAK,mineral-extraction,bauxite-mining,2025,2025,co2e_100yr,793.83,annual,793.8333333
PAN,mineral-extraction,bauxite-mining,2015,2015,co2e_100yr,0,annual,25116.93002
PAN,mineral-extraction,bauxite-mining,2016,2016,co2e_100yr,0,annual,25116.93002
PAN,mineral-extraction,bauxite-mining,2017,2017,co2e_100yr,0,annual,25116.93002
PAN,mineral-extraction,bauxite-mining,2018,2018,co2e_100yr,0,annual,25116.93002
PAN,mineral-extraction,bauxite-mining,2019,2019,co2e_100yr,0,annual,25116.93002
PAN,mineral-extraction,bauxite-mining,2020,2020,co2e_100yr,0,annual,25116.93002
PAN,mineral-extraction,bauxite-mining,2021,2021,co2e_100yr,0,annual,25116.93002
PAN,mineral-extraction,bauxite-mining,2022,2022,co2e_100yr,0,annual,25116.93002
PAN,mineral-extraction,bauxite-mining,2023,2023,co2e_100yr,0,annual,25116.93002
PAN,mineral-extraction,bauxite-mining,2024,2024,co2e_100yr,0,annual,25116.93002
PAN,mineral-extraction,bauxite-mining,2025,2025,co2e_100yr,0,annual,25116.93002
PCN,mineral-extraction,bauxite-mining,2015,2015,co2e_100yr,0,annual,25116.93002
PCN,mineral-extraction,bauxite-mining,2016,2016,co2e_100yr,0,annual,25116.93002
PCN,mineral-extraction,bauxite-mining,2017,2017,co2e_100yr,0,annual,25116.93002
PCN,mineral-extraction,bauxite-mining,2018,2018,co2e_100yr,0,annual,25116.93002
PCN,mineral-extraction,bauxite-mining,2019,2019,co2e_100yr,0,annual,25116.93002
PCN,mineral-extraction,bauxite-mining,2020,2020,co2e_100yr,0,annual,25116.93002
PCN,mineral-extraction,bauxite-mining,2021,2021,co2e_100yr,0,annual,25116.93002
PCN,mineral-extraction,bauxite-mining,2022,2022,co2e_100yr,0,annual,25116.93002
PCN,mineral-extraction,bauxite-mining,2023,2023,co2e_100yr,0,annual,25116.93002
PCN,mineral-extraction,bauxite-mining,2024,2024,co2e_100yr,0,annual,25116.93002
PCN,mineral-extraction,bauxite-mining,2025,2025,co2e_100yr,0,annual,25116.93002
PER,mineral-extraction,bauxite-mining,2015,2015,co2e_100yr,0,annual,25116.93002
PER,mineral-extraction,bauxite-mining,2016,2016,co2e_100yr,0,annual,25116.93002
PER,mineral-extraction,bauxite-mining,2017,2017,co2e_100yr,0,annual,25116.93002
PER,mineral-extraction,bauxite-mining,2018,2018,co2e_100yr,0,annual,25116.93002
PER,mineral-extraction,bauxite-mining,2019,2019,co2e_100yr,0,annual,25116.93002
PER,mineral-extraction,bauxite-mining,2020,2020,co2e_100yr,0,annual,25116.93002
PER,mineral-extraction,bauxite-mining,2021,2021,co2e_100yr,0,annual,25116.93002
PER,mineral-extraction,bauxite-mining,2022,2022,co2e_100yr,0,annual,25116.93002
PER,mineral-extraction,bauxite-mining,2023,2023,co2e_100yr,0,annual,25116.93002
PER,mineral-extraction,bauxite-mining,2024,2024,co2e_100yr,0,annual,25116.93002
PER,mineral-extraction,bauxite-mining,2025,2025,co2e_100yr,0,annual,25116.93002
PHL,mineral-extraction,bauxite-mining,2015,2015,co2e_100yr,0,annual,25116.93002
PHL,mineral-extraction,bauxite-mining,2016,2016,co2e_100yr,0,annual,25116.93002
PHL,mineral-extraction,bauxite-mining,2017,2017,co2e_100yr,0,annual,25116.93002
PHL,mineral-extraction,bauxite-mining,2018,2018,co2e_100yr,0,annual,25116.93002
PHL,mineral-extraction,bauxite-mining,2019,2019,co2e_100yr,0,annual,25116.93002
PHL,mineral-extraction,bauxite-mining,2020,2020,co2e_100yr,0,annual,25116.93002
PHL,mineral-extraction,bauxite-mining,2021,2021,co2e_100yr,0,annual,25116.93002
PHL,mineral-extraction,bauxite-mining,2022,2022,co2e_100yr,0,annual,25116.93002
PHL,mineral-extraction,bauxite-mining,2023,2023,co2e_100yr,0,annual,25116.93002
PHL,mineral-extraction,bauxite-mining,2024,2024,co2e_100yr,0,annual,25116.93002
PHL,mineral-extraction,bauxite-mining,2025,2025,co2e_100yr,0,annual,25116.93002
PLW,mineral-extraction,bauxite-mining,2015,2015,co2e_100yr,0,annual,25116.93002
PLW,mineral-extraction,bauxite-mining,2016,2016,co2e_100yr,0,annual,25116.93002
PLW,mineral-extraction,bauxite-mining,2017,2017,co2e_100yr,0,annual,25116.93002
PLW,mineral-extraction,bauxite-mining,2018,2018,co2e_100yr,0,annual,25116.93002
PLW,mineral-extraction,bauxite-mining,2019,2019,co2e_100yr,0,annual,25116.93002
PLW,mineral-extraction,bauxite-mining,2020,2020,co2e_100yr,0,annual,25116.93002
PLW,mineral-extraction,bauxite-mining,2021,2021,co2e_100yr,0,annual,25116.93002
PLW,mineral-extraction,bauxite-mining,2022,2022,co2e_100yr,0,annual,25116.93002
PLW,mineral-extraction,bauxite-mining,2023,2023,co2e_100yr,0,annual,25116.93002
PLW,mineral-extraction,bauxite-mining,2024,2024,co2e_100yr,0,annual,25116.93002
PLW,mineral-extraction,bauxite-mining,2025,2025,co2e_100yr,0,annual,25116.93002
PNG,mineral-extraction,bauxite-mining,2015,2015,co2e_100yr,0,annual,25116.93002
PNG,mineral-extraction,bauxite-mining,2016,2016,co2e_100yr,0,annual,25116.93002
PNG,mineral-extraction,bauxite-mining,2017,2017,co2e_100yr,0,annual,25116.93002
PNG,mineral-extraction,bauxite-mining,2018,2018,co2e_100yr,0,annual,25116.93002
PNG,mineral-extraction,bauxite-mining,2019,2019,co2e_100yr,0,annual,25116.93002
PNG,mineral-extraction,bauxite-mining,2020,2020,co2e_100yr,0,annual,25116.93002
PNG,mineral-extraction,bauxite-mining,2021,2021,co2e_100yr,0,annual,25116.93002
PNG,mineral-extraction,bauxite-mining,2022,2022,co2e_100yr,0,annual,25116.93002
PNG,mineral-extraction,bauxite-mining,2023,2023,co2e_100yr,0,annual,25116.93002
PNG,mineral-extraction,bauxite-mining,2024,2024,co2e_100yr,0,annual,25116.93002
PNG,mineral-extraction,bauxite-mining,2025,2025,co2e_100yr,0,annual,25116.93002
POL,mineral-extraction,bauxite-mining,2015,2015,co2e_100yr,0,annual,25116.93002
POL,mineral-extraction,bauxite-mining,2016,2016,co2e_100yr,0,annual,25116.93002
POL,mineral-extraction,bauxite-mining,2017,2017,co2e_100yr,0,annual,25116.93002
POL,mineral-extraction,bauxite-mining,2018,2018,co2e_100yr,0,annual,25116.93002
POL,mineral-extraction,bauxite-mining,2019,2019,co2e_100yr,0,annual,25116.93002
POL,mineral-extraction,bauxite-mining,2020,2020,co2e_100yr,0,annual,25116.93002
POL,mineral-extraction,bauxite-mining,2021,2021,co2e_100yr,0,annual,25116.93002
POL,mineral-extraction,bauxite-mining,2022,2022,co2e_100yr,0,annual,25116.93002
POL,mineral-extraction,bauxite-mining,2023,2023,co2e_100yr,0,annual,25116.93002
POL,mineral-extraction,bauxite-mining,2024,2024,co2e_100yr,0,annual,25116.93002
POL,mineral-extraction,bauxite-mining,2025,2025,co2e_100yr,0,annual,25116.93002
PRI,mineral-extraction,bauxite-mining,2015,2015,co2e_100yr,0,annual,25116.93002
PRI,mineral-extraction,bauxite-mining,2016,2016,co2e_100yr,0,annual,25116.93002
PRI,mineral-extraction,bauxite-mining,2017,2017,co2e_100yr,0,annual,25116.93002
PRI,mineral-extraction,bauxite-mining,2018,2018,co2e_100yr,0,annual,25116.93002
PRI,mineral-extraction,bauxite-mining,2019,2019,co2e_100yr,0,annual,25116.93002
PRI,mineral-extraction,bauxite-mining,2020,2020,co2e_100yr,0,annual,25116.93002
PRI,mineral-extraction,bauxite-mining,2021,2021,co2e_100yr,0,annual,25116.93002
PRI,mineral-extraction,bauxite-mining,2022,2022,co2e_100yr,0,annual,25116.93002
PRI,mineral-extraction,bauxite-mining,2023,2023,co2e_100yr,0,annual,25116.93002
PRI,mineral-extraction,bauxite-mining,2024,2024,co2e_100yr,0,annual,25116.93002
PRI,mineral-extraction,bauxite-mining,2025,2025,co2e_100yr,0,annual,25116.93002
PRK,mineral-extraction,bauxite-mining,2015,2015,co2e_100yr,0,annual,25116.93002
PRK,mineral-extraction,bauxite-mining,2016,2016,co2e_100yr,0,annual,25116.93002
PRK,mineral-extraction,bauxite-mining,2017,2017,co2e_100yr,0,annual,25116.93002
PRK,mineral-extraction,bauxite-mining,2018,2018,co2e_100yr,0,annual,25116.93002
PRK,mineral-extraction,bauxite-mining,2019,2019,co2e_100yr,0,annual,25116.93002
PRK,mineral-extraction,bauxite-mining,2020,2020,co2e_100yr,0,annual,25116.93002
PRK,mineral-extraction,bauxite-mining,2021,2021,co2e_100yr,0,annual,25116.93002
PRK,mineral-extraction,bauxite-mining,2022,2022,co2e_100yr,0,annual,25116.93002
PRK,mineral-extraction,bauxite-mining,2023,2023,co2e_100yr,0,annual,25116.93002
PRK,mineral-extraction,bauxite-mining,2024,2024,co2e_100yr,0,annual,25116.93002
PRK,mineral-extraction,bauxite-mining,2025,2025,co2e_100yr,0,annual,25116.93002
PRT,mineral-extraction,bauxite-mining,2015,2015,co2e_100yr,0,annual,25116.93002
PRT,mineral-extraction,bauxite-mining,2016,2016,co2e_100yr,0,annual,25116.93002
PRT,mineral-extraction,bauxite-mining,2017,2017,co2e_100yr,0,annual,25116.93002
PRT,mineral-extraction,bauxite-mining,2018,2018,co2e_100yr,0,annual,25116.93002
PRT,mineral-extraction,bauxite-mining,2019,2019,co2e_100yr,0,annual,25116.93002
PRT,mineral-extraction,bauxite-mining,2020,2020,co2e_100yr,0,annual,25116.93002
PRT,mineral-extraction,bauxite-mining,2021,2021,co2e_100yr,0,annual,25116.93002
PRT,mineral-extraction,bauxite-mining,2022,2022,co2e_100yr,0,annual,25116.93002
PRT,mineral-extraction,bauxite-mining,2023,2023,co2e_100yr,0,annual,25116.93002
PRT,mineral-extraction,bauxite-mining,2024,2024,co2e_100yr,0,annual,25116.93002
PRT,mineral-extraction,bauxite-mining,2025,2025,co2e_100yr,0,annual,25116.93002
PRY,mineral-extraction,bauxite-mining,2015,2015,co2e_100yr,0,annual,25116.93002
PRY,mineral-extraction,bauxite-mining,2016,2016,co2e_100yr,0,annual,25116.93002
PRY,mineral-extraction,bauxite-mining,2017,2017,co2e_100yr,0,annual,25116.93002
PRY,mineral-extraction,bauxite-mining,2018,2018,co2e_100yr,0,annual,25116.93002
PRY,mineral-extraction,bauxite-mining,2019,2019,co2e_100yr,0,annual,25116.93002
PRY,mineral-extraction,bauxite-mining,2020,2020,co2e_100yr,0,annual,25116.93002
PRY,mineral-extraction,bauxite-mining,2021,2021,co2e_100yr,0,annual,25116.93002
PRY,mineral-extraction,bauxite-mining,2022,2022,co2e_100yr,0,annual,25116.93002
PRY,mineral-extraction,bauxite-mining,2023,2023,co2e_100yr,0,annual,25116.93002
PRY,mineral-extraction,bauxite-mining,2024,2024,co2e_100yr,0,annual,25116.93002
PRY,mineral-extraction,bauxite-mining,2025,2025,co2e_100yr,0,annual,25116.93002
PSE,mineral-extraction,bauxite-mining,2015,2015,co2e_100yr,0,annual,25116.93002
PSE,mineral-extraction,bauxite-mining,2016,2016,co2e_100yr,0,annual,25116.93002
PSE,mineral-extraction,bauxite-mining,2017,2017,co2e_100yr,0,annual,25116.93002
PSE,mineral-extraction,bauxite-mining,2018,2018,co2e_100yr,0,annual,25116.93002
PSE,mineral-extraction,bauxite-mining,2019,2019,co2e_100yr,0,annual,25116.93002
PSE,mineral-extraction,bauxite-mining,2020,2020,co2e_100yr,0,annual,25116.93002
PSE,mineral-extraction,bauxite-mining,2021,2021,co2e_100yr,0,annual,25116.93002
PSE,mineral-extraction,bauxite-mining,2022,2022,co2e_100yr,0,annual,25116.93002
PSE,mineral-extraction,bauxite-mining,2023,2023,co2e_100yr,0,annual,25116.93002
PSE,mineral-extraction,bauxite-mining,2024,2024,co2e_100yr,0,annual,25116.93002
PSE,mineral-extraction,bauxite-mining,2025,2025,co2e_100yr,0,annual,25116.93002
PYF,mineral-extraction,bauxite-mining,2015,2015,co2e_100yr,0,annual,25116.93002
PYF,mineral-extraction,bauxite-mining,2016,2016,co2e_100yr,0,annual,25116.93002
PYF,mineral-extraction,bauxite-mining,2017,2017,co2e_100yr,0,annual,25116.93002
PYF,mineral-extraction,bauxite-mining,2018,2018,co2e_100yr,0,annual,25116.93002
PYF,mineral-extraction,bauxite-mining,2019,2019,co2e_100yr,0,annual,25116.93002
PYF,mineral-extraction,bauxite-mining,2020,2020,co2e_100yr,0,annual,25116.93002
PYF,mineral-extraction,bauxite-mining,2021,2021,co2e_100yr,0,annual,25116.93002
PYF,mineral-extraction,bauxite-mining,2022,2022,co2e_100yr,0,annual,25116.93002
PYF,mineral-extraction,bauxite-mining,2023,2023,co2e_100yr,0,annual,25116.93002
PYF,mineral-extraction,bauxite-mining,2024,2024,co2e_100yr,0,annual,25116.93002
PYF,mineral-extraction,bauxite-mining,2025,2025,co2e_100yr,0,annual,25116.93002
QAT,mineral-extraction,bauxite-mining,2015,2015,co2e_100yr,0,annual,25116.93002
QAT,mineral-extraction,bauxite-mining,2016,2016,co2e_100yr,0,annual,25116.93002
QAT,mineral-extraction,bauxite-mining,2017,2017,co2e_100yr,0,annual,25116.93002
QAT,mineral-extraction,bauxite-mining,2018,2018,co2e_100yr,0,annual,25116.93002
QAT,mineral-extraction,bauxite-mining,2019,2019,co2e_100yr,0,annual,25116.93002
QAT,mineral-extraction,bauxite-mining,2020,2020,co2e_100yr,0,annual,25116.93002
QAT,mineral-extraction,bauxite-mining,2021,2021,co2e_100yr,0,annual,25116.93002
QAT,mineral-extraction,bauxite-mining,2022,2022,co2e_100yr,0,annual,25116.93002
QAT,mineral-extraction,bauxite-mining,2023,2023,co2e_100yr,0,annual,25116.93002
QAT,mineral-extraction,bauxite-mining,2024,2024,co2e_100yr,0,annual,25116.93002
QAT,mineral-extraction,bauxite-mining,2025,2025,co2e_100yr,0,annual,25116.93002
REU,mineral-extraction,bauxite-mining,2015,2015,co2e_100yr,0,annual,25116.93002
REU,mineral-extraction,bauxite-mining,2016,2016,co2e_100yr,0,annual,25116.93002
REU,mineral-extraction,bauxite-mining,2017,2017,co2e_100yr,0,annual,25116.93002
REU,mineral-extraction,bauxite-mining,2018,2018,co2e_100yr,0,annual,25116.93002
REU,mineral-extraction,bauxite-mining,2019,2019,co2e_100yr,0,annual,25116.93002
REU,mineral-extraction,bauxite-mining,2020,2020,co2e_100yr,0,annual,25116.93002
REU,mineral-extraction,bauxite-mining,2021,2021,co2e_100yr,0,annual,25116.93002
REU,mineral-extraction,bauxite-mining,2022,2022,co2e_100yr,0,annual,25116.93002
REU,mineral-extraction,bauxite-mining,2023,2023,co2e_100yr,0,annual,25116.93002
REU,mineral-extraction,bauxite-mining,2024,2024,co2e_100yr,0,annual,25116.93002
REU,mineral-extraction,bauxite-mining,2025,2025,co2e_100yr,0,annual,25116.93002
ROU,mineral-extraction,bauxite-mining,2015,2015,co2e_100yr,0,annual,25116.93002
ROU,mineral-extraction,bauxite-mining,2016,2016,co2e_100yr,0,annual,25116.93002
ROU,mineral-extraction,bauxite-mining,2017,2017,co2e_100yr,0,annual,25116.93002
ROU,mineral-extraction,bauxite-mining,2018,2018,co2e_100yr,0,annual,25116.93002
ROU,mineral-extraction,bauxite-mining,2019,2019,co2e_100yr,0,annual,25116.93002
ROU,mineral-extraction,bauxite-mining,2020,2020,co2e_100yr,0,annual,25116.93002
ROU,mineral-extraction,bauxite-mining,2021,2021,co2e_100yr,0,annual,25116.93002
ROU,mineral-extraction,bauxite-mining,2022,2022,co2e_100yr,0,annual,25116.93002
ROU,mineral-extraction,bauxite-mining,2023,2023,co2e_100yr,0,annual,25116.93002
ROU,mineral-extraction,bauxite-mining,2024,2024,co2e_100yr,0,annual,25116.93002
ROU,mineral-extraction,bauxite-mining,2025,2025,co2e_100yr,0,annual,25116.93002
RUS,mineral-extraction,bauxite-mining,2015,2015,co2e_100yr,121678.5,annual,121678.4968
RUS,mineral-extraction,bauxite-mining,2016,2016,co2e_100yr,112006.12,annual,112006.1158
RUS,mineral-extraction,bauxite-mining,2017,2017,co2e_100yr,113902.97,annual,113902.9662
RUS,mineral-extraction,bauxite-mining,2018,2018,co2e_100yr,116543.85,annual,116543.8459
RUS,mineral-extraction,bauxite-mining,2019,2019,co2e_100yr,114955.36,annual,114955.3575
RUS,mineral-extraction,bauxite-mining,2020,2020,co2e_100yr,106363.66,annual,106363.6578
RUS,mineral-extraction,bauxite-mining,2021,2021,co2e_100yr,109990.42,annual,109990.4175
RUS,mineral-extraction,bauxite-mining,2022,2022,co2e_100yr,128531.42,annual,128531.4176
RUS,mineral-extraction,bauxite-mining,2023,2023,co2e_100yr,135742.42,annual,135742.4176
RUS,mineral-extraction,bauxite-mining,2024,2024,co2e_100yr,134331.42,annual,134331.4176
RUS,mineral-extraction,bauxite-mining,2025,2025,co2e_100yr,122120.72,annual,122120.7191
RWA,mineral-extraction,bauxite-mining,2015,2015,co2e_100yr,0,annual,25116.93002
RWA,mineral-extraction,bauxite-mining,2016,2016,co2e_100yr,0,annual,25116.93002
RWA,mineral-extraction,bauxite-mining,2017,2017,co2e_100yr,0,annual,25116.93002
RWA,mineral-extraction,bauxite-mining,2018,2018,co2e_100yr,0,annual,25116.93002
RWA,mineral-extraction,bauxite-mining,2019,2019,co2e_100yr,0,annual,25116.93002
RWA,mineral-extraction,bauxite-mining,2020,2020,co2e_100yr,0,annual,25116.93002
RWA,mineral-extraction,bauxite-mining,2021,2021,co2e_100yr,0,annual,25116.93002
RWA,mineral-extraction,bauxite-mining,2022,2022,co2e_100yr,0,annual,25116.93002
RWA,mineral-extraction,bauxite-mining,2023,2023,co2e_100yr,0,annual,25116.93002
RWA,mineral-extraction,bauxite-mining,2024,2024,co2e_100yr,0,annual,25116.93002
RWA,mineral-extraction,bauxite-mining,2025,2025,co2e_100yr,0,annual,25116.93002
SAU,mineral-extraction,bauxite-mining,2015,2015,co2e_100yr,5304,annual,5304
SAU,mineral-extraction,bauxite-mining,2016,2016,co2e_100yr,17755,annual,17755
SAU,mineral-extraction,bauxite-mining,2017,2017,co2e_100yr,17131,annual,17131
SAU,mineral-extraction,bauxite-mining,2018,2018,co2e_100yr,17949,annual,17949
SAU,mineral-extraction,bauxite-mining,2019,2019,co2e_100yr,18711,annual,18711
SAU,mineral-extraction,bauxite-mining,2020,2020,co2e_100yr,22908,annual,22908
SAU,mineral-extraction,bauxite-mining,2021,2021,co2e_100yr,23594,annual,23594
SAU,mineral-extraction,bauxite-mining,2022,2022,co2e_100yr,20252,annual,20252
SAU,mineral-extraction,bauxite-mining,2023,2023,co2e_100yr,37345,annual,37345
SAU,mineral-extraction,bauxite-mining,2024,2024,co2e_100yr,31615,annual,31615
SAU,mineral-extraction,bauxite-mining,2025,2025,co2e_100yr,28861.4,annual,28861.40308
SDN,mineral-extraction,bauxite-mining,2015,2015,co2e_100yr,0,annual,25116.93002
SDN,mineral-extraction,bauxite-mining,2016,2016,co2e_100yr,0,annual,25116.93002
SDN,mineral-extraction,bauxite-mining,2017,2017,co2e_100yr,0,annual,25116.93002
SDN,mineral-extraction,bauxite-mining,2018,2018,co2e_100yr,0,annual,25116.93002
SDN,mineral-extraction,bauxite-mining,2019,2019,co2e_100yr,0,annual,25116.93002
SDN,mineral-extraction,bauxite-mining,2020,2020,co2e_100yr,0,annual,25116.93002
SDN,mineral-extraction,bauxite-mining,2021,2021,co2e_100yr,0,annual,25116.93002
SDN,mineral-extraction,bauxite-mining,2022,2022,co2e_100yr,0,annual,25116.93002
SDN,mineral-extraction,bauxite-mining,2023,2023,co2e_100yr,0,annual,25116.93002
SDN,mineral-extraction,bauxite-mining,2024,2024,co2e_100yr,0,annual,25116.93002
SDN,mineral-extraction,bauxite-mining,2025,2025,co2e_100yr,0,annual,25116.93002
SEN,mineral-extraction,bauxite-mining,2015,2015,co2e_100yr,0,annual,25116.93002
SEN,mineral-extraction,bauxite-mining,2016,2016,co2e_100yr,0,annual,25116.93002
SEN,mineral-extraction,bauxite-mining,2017,2017,co2e_100yr,0,annual,25116.93002
SEN,mineral-extraction,bauxite-mining,2018,2018,co2e_100yr,0,annual,25116.93002
SEN,mineral-extraction,bauxite-mining,2019,2019,co2e_100yr,0,annual,25116.93002
SEN,mineral-extraction,bauxite-mining,2020,2020,co2e_100yr,0,annual,25116.93002
SEN,mineral-extraction,bauxite-mining,2021,2021,co2e_100yr,0,annual,25116.93002
SEN,mineral-extraction,bauxite-mining,2022,2022,co2e_100yr,0,annual,25116.93002
SEN,mineral-extraction,bauxite-mining,2023,2023,co2e_100yr,0,annual,25116.93002
SEN,mineral-extraction,bauxite-mining,2024,2024,co2e_100yr,0,annual,25116.93002
SEN,mineral-extraction,bauxite-mining,2025,2025,co2e_100yr,0,annual,25116.93002
SGP,mineral-extraction,bauxite-mining,2015,2015,co2e_100yr,0,annual,25116.93002
SGP,mineral-extraction,bauxite-mining,2016,2016,co2e_100yr,0,annual,25116.93002
SGP,mineral-extraction,bauxite-mining,2017,2017,co2e_100yr,0,annual,25116.93002
SGP,mineral-extraction,bauxite-mining,2018,2018,co2e_100yr,0,annual,25116.93002
SGP,mineral-extraction,bauxite-mining,2019,2019,co2e_100yr,0,annual,25116.93002
SGP,mineral-extraction,bauxite-mining,2020,2020,co2e_100yr,0,annual,25116.93002
SGP,mineral-extraction,bauxite-mining,2021,2021,co2e_100yr,0,annual,25116.93002
SGP,mineral-extraction,bauxite-mining,2022,2022,co2e_100yr,0,annual,25116.93002
SGP,mineral-extraction,bauxite-mining,2023,2023,co2e_100yr,0,annual,25116.93002
SGP,mineral-extraction,bauxite-mining,2024,2024,co2e_100yr,0,annual,25116.93002
SGP,mineral-extraction,bauxite-mining,2025,2025,co2e_100yr,0,annual,25116.93002
SGS,mineral-extraction,bauxite-mining,2015,2015,co2e_100yr,0,annual,25116.93002
SGS,mineral-extraction,bauxite-mining,2016,2016,co2e_100yr,0,annual,25116.93002
SGS,mineral-extraction,bauxite-mining,2017,2017,co2e_100yr,0,annual,25116.93002
SGS,mineral-extraction,bauxite-mining,2018,2018,co2e_100yr,0,annual,25116.93002
SGS,mineral-extraction,bauxite-mining,2019,2019,co2e_100yr,0,annual,25116.93002
SGS,mineral-extraction,bauxite-mining,2020,2020,co2e_100yr,0,annual,25116.93002
SGS,mineral-extraction,bauxite-mining,2021,2021,co2e_100yr,0,annual,25116.93002
SGS,mineral-extraction,bauxite-mining,2022,2022,co2e_100yr,0,annual,25116.93002
SGS,mineral-extraction,bauxite-mining,2023,2023,co2e_100yr,0,annual,25116.93002
SGS,mineral-extraction,bauxite-mining,2024,2024,co2e_100yr,0,annual,25116.93002
SGS,mineral-extraction,bauxite-mining,2025,2025,co2e_100yr,0,annual,25116.93002
SHN,mineral-extraction,bauxite-mining,2015,2015,co2e_100yr,0,annual,25116.93002
SHN,mineral-extraction,bauxite-mining,2016,2016,co2e_100yr,0,annual,25116.93002
SHN,mineral-extraction,bauxite-mining,2017,2017,co2e_100yr,0,annual,25116.93002
SHN,mineral-extraction,bauxite-mining,2018,2018,co2e_100yr,0,annual,25116.93002
SHN,mineral-extraction,bauxite-mining,2019,2019,co2e_100yr,0,annual,25116.93002
SHN,mineral-extraction,bauxite-mining,2020,2020,co2e_100yr,0,annual,25116.93002
SHN,mineral-extraction,bauxite-mining,2021,2021,co2e_100yr,0,annual,25116.93002
SHN,mineral-extraction,bauxite-mining,2022,2022,co2e_100yr,0,annual,25116.93002
SHN,mineral-extraction,bauxite-mining,2023,2023,co2e_100yr,0,annual,25116.93002
SHN,mineral-extraction,bauxite-mining,2024,2024,co2e_100yr,0,annual,25116.93002
SHN,mineral-extraction,bauxite-mining,2025,2025,co2e_100yr,0,annual,25116.93002
SJM,mineral-extraction,bauxite-mining,2015,2015,co2e_100yr,0,annual,25116.93002
SJM,mineral-extraction,bauxite-mining,2016,2016,co2e_100yr,0,annual,25116.93002
SJM,mineral-extraction,bauxite-mining,2017,2017,co2e_100yr,0,annual,25116.93002
SJM,mineral-extraction,bauxite-mining,2018,2018,co2e_100yr,0,annual,25116.93002
SJM,mineral-extraction,bauxite-mining,2019,2019,co2e_100yr,0,annual,25116.93002
SJM,mineral-extraction,bauxite-mining,2020,2020,co2e_100yr,0,annual,25116.93002
SJM,mineral-extraction,bauxite-mining,2021,2021,co2e_100yr,0,annual,25116.93002
SJM,mineral-extraction,bauxite-mining,2022,2022,co2e_100yr,0,annual,25116.93002
SJM,mineral-extraction,bauxite-mining,2023,2023,co2e_100yr,0,annual,25116.93002
SJM,mineral-extraction,bauxite-mining,2024,2024,co2e_100yr,0,annual,25116.93002
SJM,mineral-extraction,bauxite-mining,2025,2025,co2e_100yr,0,annual,25116.93002
SLB,mineral-extraction,bauxite-mining,2015,2015,co2e_100yr,3878,annual,3878.000028
SLB,mineral-extraction,bauxite-mining,2016,2016,co2e_100yr,3161,annual,3161.000023
SLB,mineral-extraction,bauxite-mining,2017,2017,co2e_100yr,19960,annual,19960.00015
SLB,mineral-extraction,bauxite-mining,2018,2018,co2e_100yr,21368,annual,21368.00016
SLB,mineral-extraction,bauxite-mining,2019,2019,co2e_100yr,15418,annual,15418.00011
SLB,mineral-extraction,bauxite-mining,2020,2020,co2e_100yr,0,annual,25116.93002
SLB,mineral-extraction,bauxite-mining,2021,2021,co2e_100yr,0,annual,25116.93002
SLB,mineral-extraction,bauxite-mining,2022,2022,co2e_100yr,0,annual,25116.93002
SLB,mineral-extraction,bauxite-mining,2023,2023,co2e_100yr,0,annual,25116.93002
SLB,mineral-extraction,bauxite-mining,2024,2024,co2e_100yr,0,annual,25116.93002
SLB,mineral-extraction,bauxite-mining,2025,2025,co2e_100yr,0,annual,25116.93002
SLE,mineral-extraction,bauxite-mining,2015,2015,co2e_100yr,23158,annual,23158
SLE,mineral-extraction,bauxite-mining,2016,2016,co2e_100yr,23766,annual,23766
SLE,mineral-extraction,bauxite-mining,2017,2017,co2e_100yr,31040,annual,31040
SLE,mineral-extraction,bauxite-mining,2018,2018,co2e_100yr,33644,annual,33644
SLE,mineral-extraction,bauxite-mining,2019,2019,co2e_100yr,32706,annual,32706
SLE,mineral-extraction,bauxite-mining,2020,2020,co2e_100yr,48720,annual,48720
SLE,mineral-extraction,bauxite-mining,2021,2021,co2e_100yr,27977,annual,27977
SLE,mineral-extraction,bauxite-mining,2022,2022,co2e_100yr,33957,annual,33957
SLE,mineral-extraction,bauxite-mining,2023,2023,co2e_100yr,36302,annual,36302
SLE,mineral-extraction,bauxite-mining,2024,2024,co2e_100yr,39986,annual,39986
SLE,mineral-extraction,bauxite-mining,2025,2025,co2e_100yr,36580.71,annual,36580.71231
SLV,mineral-extraction,bauxite-mining,2015,2015,co2e_100yr,0,annual,25116.93002
SLV,mineral-extraction,bauxite-mining,2016,2016,co2e_100yr,0,annual,25116.93002
SLV,mineral-extraction,bauxite-mining,2017,2017,co2e_100yr,0,annual,25116.93002
SLV,mineral-extraction,bauxite-mining,2018,2018,co2e_100yr,0,annual,25116.93002
SLV,mineral-extraction,bauxite-mining,2019,2019,co2e_100yr,0,annual,25116.93002
SLV,mineral-extraction,bauxite-mining,2020,2020,co2e_100yr,0,annual,25116.93002
SLV,mineral-extraction,bauxite-mining,2021,2021,co2e_100yr,0,annual,25116.93002
SLV,mineral-extraction,bauxite-mining,2022,2022,co2e_100yr,0,annual,25116.93002
SLV,mineral-extraction,bauxite-mining,2023,2023,co2e_100yr,0,annual,25116.93002
SLV,mineral-extraction,bauxite-mining,2024,2024,co2e_100yr,0,annual,25116.93002
SLV,mineral-extraction,bauxite-mining,2025,2025,co2e_100yr,0,annual,25116.93002
SMR,mineral-extraction,bauxite-mining,2015,2015,co2e_100yr,0,annual,25116.93002
SMR,mineral-extraction,bauxite-mining,2016,2016,co2e_100yr,0,annual,25116.93002
SMR,mineral-extraction,bauxite-mining,2017,2017,co2e_100yr,0,annual,25116.93002
SMR,mineral-extraction,bauxite-mining,2018,2018,co2e_100yr,0,annual,25116.93002
SMR,mineral-extraction,bauxite-mining,2019,2019,co2e_100yr,0,annual,25116.93002
SMR,mineral-extraction,bauxite-mining,2020,2020,co2e_100yr,0,annual,25116.93002
SMR,mineral-extraction,bauxite-mining,2021,2021,co2e_100yr,0,annual,25116.93002
SMR,mineral-extraction,bauxite-mining,2022,2022,co2e_100yr,0,annual,25116.93002
SMR,mineral-extraction,bauxite-mining,2023,2023,co2e_100yr,0,annual,25116.93002
SMR,mineral-extraction,bauxite-mining,2024,2024,co2e_100yr,0,annual,25116.93002
SMR,mineral-extraction,bauxite-mining,2025,2025,co2e_100yr,0,annual,25116.93002
SOM,mineral-extraction,bauxite-mining,2015,2015,co2e_100yr,0,annual,25116.93002
SOM,mineral-extraction,bauxite-mining,2016,2016,co2e_100yr,0,annual,25116.93002
SOM,mineral-extraction,bauxite-mining,2017,2017,co2e_100yr,0,annual,25116.93002
SOM,mineral-extraction,bauxite-mining,2018,2018,co2e_100yr,0,annual,25116.93002
SOM,mineral-extraction,bauxite-mining,2019,2019,co2e_100yr,0,annual,25116.93002
SOM,mineral-extraction,bauxite-mining,2020,2020,co2e_100yr,0,annual,25116.93002
SOM,mineral-extraction,bauxite-mining,2021,2021,co2e_100yr,0,annual,25116.93002
SOM,mineral-extraction,bauxite-mining,2022,2022,co2e_100yr,0,annual,25116.93002
SOM,mineral-extraction,bauxite-mining,2023,2023,co2e_100yr,0,annual,25116.93002
SOM,mineral-extraction,bauxite-mining,2024,2024,co2e_100yr,0,annual,25116.93002
SOM,mineral-extraction,bauxite-mining,2025,2025,co2e_100yr,0,annual,25116.93002
SPM,mineral-extraction,bauxite-mining,2015,2015,co2e_100yr,0,annual,25116.93002
SPM,mineral-extraction,bauxite-mining,2016,2016,co2e_100yr,0,annual,25116.93002
SPM,mineral-extraction,bauxite-mining,2017,2017,co2e_100yr,0,annual,25116.93002
SPM,mineral-extraction,bauxite-mining,2018,2018,co2e_100yr,0,annual,25116.93002
SPM,mineral-extraction,bauxite-mining,2019,2019,co2e_100yr,0,annual,25116.93002
SPM,mineral-extraction,bauxite-mining,2020,2020,co2e_100yr,0,annual,25116.93002
SPM,mineral-extraction,bauxite-mining,2021,2021,co2e_100yr,0,annual,25116.93002
SPM,mineral-extraction,bauxite-mining,2022,2022,co2e_100yr,0,annual,25116.93002
SPM,mineral-extraction,bauxite-mining,2023,2023,co2e_100yr,0,annual,25116.93002
SPM,mineral-extraction,bauxite-mining,2024,2024,co2e_100yr,0,annual,25116.93002
SPM,mineral-extraction,bauxite-mining,2025,2025,co2e_100yr,0,annual,25116.93002
SRB,mineral-extraction,bauxite-mining,2015,2015,co2e_100yr,0,annual,25116.93002
SRB,mineral-extraction,bauxite-mining,2016,2016,co2e_100yr,0,annual,25116.93002
SRB,mineral-extraction,bauxite-mining,2017,2017,co2e_100yr,0,annual,25116.93002
SRB,mineral-extraction,bauxite-mining,2018,2018,co2e_100yr,0,annual,25116.93002
SRB,mineral-extraction,bauxite-mining,2019,2019,co2e_100yr,0,annual,25116.93002
SRB,mineral-extraction,bauxite-mining,2020,2020,co2e_100yr,0,annual,25116.93002
SRB,mineral-extraction,bauxite-mining,2021,2021,co2e_100yr,0,annual,25116.93002
SRB,mineral-extraction,bauxite-mining,2022,2022,co2e_100yr,0,annual,25116.93002
SRB,mineral-extraction,bauxite-mining,2023,2023,co2e_100yr,0,annual,25116.93002
SRB,mineral-extraction,bauxite-mining,2024,2024,co2e_100yr,0,annual,25116.93002
SRB,mineral-extraction,bauxite-mining,2025,2025,co2e_100yr,0,annual,25116.93002
SSD,mineral-extraction,bauxite-mining,2015,2015,co2e_100yr,0,annual,25116.93002
SSD,mineral-extraction,bauxite-mining,2016,2016,co2e_100yr,0,annual,25116.93002
SSD,mineral-extraction,bauxite-mining,2017,2017,co2e_100yr,0,annual,25116.93002
SSD,mineral-extraction,bauxite-mining,2018,2018,co2e_100yr,0,annual,25116.93002
SSD,mineral-extraction,bauxite-mining,2019,2019,co2e_100yr,0,annual,25116.93002
SSD,mineral-extraction,bauxite-mining,2020,2020,co2e_100yr,0,annual,25116.93002
SSD,mineral-extraction,bauxite-mining,2021,2021,co2e_100yr,0,annual,25116.93002
SSD,mineral-extraction,bauxite-mining,2022,2022,co2e_100yr,0,annual,25116.93002
SSD,mineral-extraction,bauxite-mining,2023,2023,co2e_100yr,0,annual,25116.93002
SSD,mineral-extraction,bauxite-mining,2024,2024,co2e_100yr,0,annual,25116.93002
SSD,mineral-extraction,bauxite-mining,2025,2025,co2e_100yr,0,annual,25116.93002
STP,mineral-extraction,bauxite-mining,2015,2015,co2e_100yr,0,annual,25116.93002
STP,mineral-extraction,bauxite-mining,2016,2016,co2e_100yr,0,annual,25116.93002
STP,mineral-extraction,bauxite-mining,2017,2017,co2e_100yr,0,annual,25116.93002
STP,mineral-extraction,bauxite-mining,2018,2018,co2e_100yr,0,annual,25116.93002
STP,mineral-extraction,bauxite-mining,2019,2019,co2e_100yr,0,annual,25116.93002
STP,mineral-extraction,bauxite-mining,2020,2020,co2e_100yr,0,annual,25116.93002
STP,mineral-extraction,bauxite-mining,2021,2021,co2e_100yr,0,annual,25116.93002
STP,mineral-extraction,bauxite-mining,2022,2022,co2e_100yr,0,annual,25116.93002
STP,mineral-extraction,bauxite-mining,2023,2023,co2e_100yr,0,annual,25116.93002
STP,mineral-extraction,bauxite-mining,2024,2024,co2e_100yr,0,annual,25116.93002
STP,mineral-extraction,bauxite-mining,2025,2025,co2e_100yr,0,annual,25116.93002
SUR,mineral-extraction,bauxite-mining,2015,2015,co2e_100yr,66240,annual,66240.00048
SUR,mineral-extraction,bauxite-mining,2016,2016,co2e_100yr,0,annual,25116.93002
SUR,mineral-extraction,bauxite-mining,2017,2017,co2e_100yr,0,annual,25116.93002
SUR,mineral-extraction,bauxite-mining,2018,2018,co2e_100yr,0,annual,25116.93002
SUR,mineral-extraction,bauxite-mining,2019,2019,co2e_100yr,0,annual,25116.93002
SUR,mineral-extraction,bauxite-mining,2020,2020,co2e_100yr,0,annual,25116.93002
SUR,mineral-extraction,bauxite-mining,2021,2021,co2e_100yr,0,annual,25116.93002
SUR,mineral-extraction,bauxite-mining,2022,2022,co2e_100yr,0,annual,25116.93002
SUR,mineral-extraction,bauxite-mining,2023,2023,co2e_100yr,0,annual,25116.93002
SUR,mineral-extraction,bauxite-mining,2024,2024,co2e_100yr,0,annual,25116.93002
SUR,mineral-extraction,bauxite-mining,2025,2025,co2e_100yr,0,annual,25116.93002
SVK,mineral-extraction,bauxite-mining,2015,2015,co2e_100yr,0,annual,25116.93002
SVK,mineral-extraction,bauxite-mining,2016,2016,co2e_100yr,0,annual,25116.93002
SVK,mineral-extraction,bauxite-mining,2017,2017,co2e_100yr,0,annual,25116.93002
SVK,mineral-extraction,bauxite-mining,2018,2018,co2e_100yr,0,annual,25116.93002
SVK,mineral-extraction,bauxite-mining,2019,2019,co2e_100yr,0,annual,25116.93002
SVK,mineral-extraction,bauxite-mining,2020,2020,co2e_100yr,0,annual,25116.93002
SVK,mineral-extraction,bauxite-mining,2021,2021,co2e_100yr,0,annual,25116.93002
SVK,mineral-extraction,bauxite-mining,2022,2022,co2e_100yr,0,annual,25116.93002
SVK,mineral-extraction,bauxite-mining,2023,2023,co2e_100yr,0,annual,25116.93002
SVK,mineral-extraction,bauxite-mining,2024,2024,co2e_100yr,0,annual,25116.93002
SVK,mineral-extraction,bauxite-mining,2025,2025,co2e_100yr,0,annual,25116.93002
SVN,mineral-extraction,bauxite-mining,2015,2015,co2e_100yr,0,annual,25116.93002
SVN,mineral-extraction,bauxite-mining,2016,2016,co2e_100yr,0,annual,25116.93002
SVN,mineral-extraction,bauxite-mining,2017,2017,co2e_100yr,0,annual,25116.93002
SVN,mineral-extraction,bauxite-mining,2018,2018,co2e_100yr,0,annual,25116.93002
SVN,mineral-extraction,bauxite-mining,2019,2019,co2e_100yr,0,annual,25116.93002
SVN,mineral-extraction,bauxite-mining,2020,2020,co2e_100yr,0,annual,25116.93002
SVN,mineral-extraction,bauxite-mining,2021,2021,co2e_100yr,0,annual,25116.93002
SVN,mineral-extraction,bauxite-mining,2022,2022,co2e_100yr,0,annual,25116.93002
SVN,mineral-extraction,bauxite-mining,2023,2023,co2e_100yr,0,annual,25116.93002
SVN,mineral-extraction,bauxite-mining,2024,2024,co2e_100yr,0,annual,25116.93002
SVN,mineral-extraction,bauxite-mining,2025,2025,co2e_100yr,0,annual,25116.93002
SWE,mineral-extraction,bauxite-mining,2015,2015,co2e_100yr,0,annual,25116.93002
SWE,mineral-extraction,bauxite-mining,2016,2016,co2e_100yr,0,annual,25116.93002
SWE,mineral-extraction,bauxite-mining,2017,2017,co2e_100yr,0,annual,25116.93002
SWE,mineral-extraction,bauxite-mining,2018,2018,co2e_100yr,0,annual,25116.93002
SWE,mineral-extraction,bauxite-mining,2019,2019,co2e_100yr,0,annual,25116.93002
SWE,mineral-extraction,bauxite-mining,2020,2020,co2e_100yr,0,annual,25116.93002
SWE,mineral-extraction,bauxite-mining,2021,2021,co2e_100yr,0,annual,25116.93002
SWE,mineral-extraction,bauxite-mining,2022,2022,co2e_100yr,0,annual,25116.93002
SWE,mineral-extraction,bauxite-mining,2023,2023,co2e_100yr,0,annual,25116.93002
SWE,mineral-extraction,bauxite-mining,2024,2024,co2e_100yr,0,annual,25116.93002
SWE,mineral-extraction,bauxite-mining,2025,2025,co2e_100yr,0,annual,25116.93002
SWZ,mineral-extraction,bauxite-mining,2015,2015,co2e_100yr,0,annual,25116.93002
SWZ,mineral-extraction,bauxite-mining,2016,2016,co2e_100yr,0,annual,25116.93002
SWZ,mineral-extraction,bauxite-mining,2017,2017,co2e_100yr,0,annual,25116.93002
SWZ,mineral-extraction,bauxite-mining,2018,2018,co2e_100yr,0,annual,25116.93002
SWZ,mineral-extraction,bauxite-mining,2019,2019,co2e_100yr,0,annual,25116.93002
SWZ,mineral-extraction,bauxite-mining,2020,2020,co2e_100yr,0,annual,25116.93002
SWZ,mineral-extraction,bauxite-mining,2021,2021,co2e_100yr,0,annual,25116.93002
SWZ,mineral-extraction,bauxite-mining,2022,2022,co2e_100yr,0,annual,25116.93002
SWZ,mineral-extraction,bauxite-mining,2023,2023,co2e_100yr,0,annual,25116.93002
SWZ,mineral-extraction,bauxite-mining,2024,2024,co2e_100yr,0,annual,25116.93002
SWZ,mineral-extraction,bauxite-mining,2025,2025,co2e_100yr,0,annual,25116.93002
SXM,mineral-extraction,bauxite-mining,2015,2015,co2e_100yr,0,annual,25116.93002
SXM,mineral-extraction,bauxite-mining,2016,2016,co2e_100yr,0,annual,25116.93002
SXM,mineral-extraction,bauxite-mining,2017,2017,co2e_100yr,0,annual,25116.93002
SXM,mineral-extraction,bauxite-mining,2018,2018,co2e_100yr,0,annual,25116.93002
SXM,mineral-extraction,bauxite-mining,2019,2019,co2e_100yr,0,annual,25116.93002
SXM,mineral-extraction,bauxite-mining,2020,2020,co2e_100yr,0,annual,25116.93002
SXM,mineral-extraction,bauxite-mining,2021,2021,co2e_100yr,0,annual,25116.93002
SXM,mineral-extraction,bauxite-mining,2022,2022,co2e_100yr,0,annual,25116.93002
SXM,mineral-extraction,bauxite-mining,2023,2023,co2e_100yr,0,annual,25116.93002
SXM,mineral-extraction,bauxite-mining,2024,2024,co2e_100yr,0,annual,25116.93002
SXM,mineral-extraction,bauxite-mining,2025,2025,co2e_100yr,0,annual,25116.93002
SYC,mineral-extraction,bauxite-mining,2015,2015,co2e_100yr,0,annual,25116.93002
SYC,mineral-extraction,bauxite-mining,2016,2016,co2e_100yr,0,annual,25116.93002
SYC,mineral-extraction,bauxite-mining,2017,2017,co2e_100yr,0,annual,25116.93002
SYC,mineral-extraction,bauxite-mining,2018,2018,co2e_100yr,0,annual,25116.93002
SYC,mineral-extraction,bauxite-mining,2019,2019,co2e_100yr,0,annual,25116.93002
SYC,mineral-extraction,bauxite-mining,2020,2020,co2e_100yr,0,annual,25116.93002
SYC,mineral-extraction,bauxite-mining,2021,2021,co2e_100yr,0,annual,25116.93002
SYC,mineral-extraction,bauxite-mining,2022,2022,co2e_100yr,0,annual,25116.93002
SYC,mineral-extraction,bauxite-mining,2023,2023,co2e_100yr,0,annual,25116.93002
SYC,mineral-extraction,bauxite-mining,2024,2024,co2e_100yr,0,annual,25116.93002
SYC,mineral-extraction,bauxite-mining,2025,2025,co2e_100yr,0,annual,25116.93002
SYR,mineral-extraction,bauxite-mining,2015,2015,co2e_100yr,0,annual,25116.93002
SYR,mineral-extraction,bauxite-mining,2016,2016,co2e_100yr,0,annual,25116.93002
SYR,mineral-extraction,bauxite-mining,2017,2017,co2e_100yr,0,annual,25116.93002
SYR,mineral-extraction,bauxite-mining,2018,2018,co2e_100yr,0,annual,25116.93002
SYR,mineral-extraction,bauxite-mining,2019,2019,co2e_100yr,0,annual,25116.93002
SYR,mineral-extraction,bauxite-mining,2020,2020,co2e_100yr,0,annual,25116.93002
SYR,mineral-extraction,bauxite-mining,2021,2021,co2e_100yr,0,annual,25116.93002
SYR,mineral-extraction,bauxite-mining,2022,2022,co2e_100yr,0,annual,25116.93002
SYR,mineral-extraction,bauxite-mining,2023,2023,co2e_100yr,0,annual,25116.93002
SYR,mineral-extraction,bauxite-mining,2024,2024,co2e_100yr,0,annual,25116.93002
SYR,mineral-extraction,bauxite-mining,2025,2025,co2e_100yr,0,annual,25116.93002
TCA,mineral-extraction,bauxite-mining,2015,2015,co2e_100yr,0,annual,25116.93002
TCA,mineral-extraction,bauxite-mining,2016,2016,co2e_100yr,0,annual,25116.93002
TCA,mineral-extraction,bauxite-mining,2017,2017,co2e_100yr,0,annual,25116.93002
TCA,mineral-extraction,bauxite-mining,2018,2018,co2e_100yr,0,annual,25116.93002
TCA,mineral-extraction,bauxite-mining,2019,2019,co2e_100yr,0,annual,25116.93002
TCA,mineral-extraction,bauxite-mining,2020,2020,co2e_100yr,0,annual,25116.93002
TCA,mineral-extraction,bauxite-mining,2021,2021,co2e_100yr,0,annual,25116.93002
TCA,mineral-extraction,bauxite-mining,2022,2022,co2e_100yr,0,annual,25116.93002
TCA,mineral-extraction,bauxite-mining,2023,2023,co2e_100yr,0,annual,25116.93002
TCA,mineral-extraction,bauxite-mining,2024,2024,co2e_100yr,0,annual,25116.93002
TCA,mineral-extraction,bauxite-mining,2025,2025,co2e_100yr,0,annual,25116.93002
TCD,mineral-extraction,bauxite-mining,2015,2015,co2e_100yr,0,annual,25116.93002
TCD,mineral-extraction,bauxite-mining,2016,2016,co2e_100yr,0,annual,25116.93002
TCD,mineral-extraction,bauxite-mining,2017,2017,co2e_100yr,0,annual,25116.93002
TCD,mineral-extraction,bauxite-mining,2018,2018,co2e_100yr,0,annual,25116.93002
TCD,mineral-extraction,bauxite-mining,2019,2019,co2e_100yr,0,annual,25116.93002
TCD,mineral-extraction,bauxite-mining,2020,2020,co2e_100yr,0,annual,25116.93002
TCD,mineral-extraction,bauxite-mining,2021,2021,co2e_100yr,0,annual,25116.93002
TCD,mineral-extraction,bauxite-mining,2022,2022,co2e_100yr,0,annual,25116.93002
TCD,mineral-extraction,bauxite-mining,2023,2023,co2e_100yr,0,annual,25116.93002
TCD,mineral-extraction,bauxite-mining,2024,2024,co2e_100yr,0,annual,25116.93002
TCD,mineral-extraction,bauxite-mining,2025,2025,co2e_100yr,0,annual,25116.93002
TGO,mineral-extraction,bauxite-mining,2015,2015,co2e_100yr,0,annual,25116.93002
TGO,mineral-extraction,bauxite-mining,2016,2016,co2e_100yr,0,annual,25116.93002
TGO,mineral-extraction,bauxite-mining,2017,2017,co2e_100yr,0,annual,25116.93002
TGO,mineral-extraction,bauxite-mining,2018,2018,co2e_100yr,0,annual,25116.93002
TGO,mineral-extraction,bauxite-mining,2019,2019,co2e_100yr,0,annual,25116.93002
TGO,mineral-extraction,bauxite-mining,2020,2020,co2e_100yr,0,annual,25116.93002
TGO,mineral-extraction,bauxite-mining,2021,2021,co2e_100yr,0,annual,25116.93002
TGO,mineral-extraction,bauxite-mining,2022,2022,co2e_100yr,0,annual,25116.93002
TGO,mineral-extraction,bauxite-mining,2023,2023,co2e_100yr,0,annual,25116.93002
TGO,mineral-extraction,bauxite-mining,2024,2024,co2e_100yr,0,annual,25116.93002
TGO,mineral-extraction,bauxite-mining,2025,2025,co2e_100yr,0,annual,25116.93002
THA,mineral-extraction,bauxite-mining,2015,2015,co2e_100yr,0,annual,25116.93002
THA,mineral-extraction,bauxite-mining,2016,2016,co2e_100yr,0,annual,25116.93002
THA,mineral-extraction,bauxite-mining,2017,2017,co2e_100yr,0,annual,25116.93002
THA,mineral-extraction,bauxite-mining,2018,2018,co2e_100yr,0,annual,25116.93002
THA,mineral-extraction,bauxite-mining,2019,2019,co2e_100yr,0,annual,25116.93002
THA,mineral-extraction,bauxite-mining,2020,2020,co2e_100yr,0,annual,25116.93002
THA,mineral-extraction,bauxite-mining,2021,2021,co2e_100yr,0,annual,25116.93002
THA,mineral-extraction,bauxite-mining,2022,2022,co2e_100yr,0,annual,25116.93002
THA,mineral-extraction,bauxite-mining,2023,2023,co2e_100yr,0,annual,25116.93002
THA,mineral-extraction,bauxite-mining,2024,2024,co2e_100yr,0,annual,25116.93002
THA,mineral-extraction,bauxite-mining,2025,2025,co2e_100yr,0,annual,25116.93002
TJK,mineral-extraction,bauxite-mining,2015,2015,co2e_100yr,0,annual,25116.93002
TJK,mineral-extraction,bauxite-mining,2016,2016,co2e_100yr,0,annual,25116.93002
TJK,mineral-extraction,bauxite-mining,2017,2017,co2e_100yr,0,annual,25116.93002
TJK,mineral-extraction,bauxite-mining,2018,2018,co2e_100yr,0,annual,25116.93002
TJK,mineral-extraction,bauxite-mining,2019,2019,co2e_100yr,0,annual,25116.93002
TJK,mineral-extraction,bauxite-mining,2020,2020,co2e_100yr,0,annual,25116.93002
TJK,mineral-extraction,bauxite-mining,2021,2021,co2e_100yr,0,annual,25116.93002
TJK,mineral-extraction,bauxite-mining,2022,2022,co2e_100yr,0,annual,25116.93002
TJK,mineral-extraction,bauxite-mining,2023,2023,co2e_100yr,0,annual,25116.93002
TJK,mineral-extraction,bauxite-mining,2024,2024,co2e_100yr,0,annual,25116.93002
TJK,mineral-extraction,bauxite-mining,2025,2025,co2e_100yr,0,annual,25116.93002
TKL,mineral-extraction,bauxite-mining,2015,2015,co2e_100yr,0,annual,25116.93002
TKL,mineral-extraction,bauxite-mining,2016,2016,co2e_100yr,0,annual,25116.93002
TKL,mineral-extraction,bauxite-mining,2017,2017,co2e_100yr,0,annual,25116.93002
TKL,mineral-extraction,bauxite-mining,2018,2018,co2e_100yr,0,annual,25116.93002
TKL,mineral-extraction,bauxite-mining,2019,2019,co2e_100yr,0,annual,25116.93002
TKL,mineral-extraction,bauxite-mining,2020,2020,co2e_100yr,0,annual,25116.93002
TKL,mineral-extraction,bauxite-mining,2021,2021,co2e_100yr,0,annual,25116.93002
TKL,mineral-extraction,bauxite-mining,2022,2022,co2e_100yr,0,annual,25116.93002
TKL,mineral-extraction,bauxite-mining,2023,2023,co2e_100yr,0,annual,25116.93002
TKL,mineral-extraction,bauxite-mining,2024,2024,co2e_100yr,0,annual,25116.93002
TKL,mineral-extraction,bauxite-mining,2025,2025,co2e_100yr,0,annual,25116.93002
TKM,mineral-extraction,bauxite-mining,2015,2015,co2e_100yr,0,annual,25116.93002
TKM,mineral-extraction,bauxite-mining,2016,2016,co2e_100yr,0,annual,25116.93002
TKM,mineral-extraction,bauxite-mining,2017,2017,co2e_100yr,0,annual,25116.93002
TKM,mineral-extraction,bauxite-mining,2018,2018,co2e_100yr,0,annual,25116.93002
TKM,mineral-extraction,bauxite-mining,2019,2019,co2e_100yr,0,annual,25116.93002
TKM,mineral-extraction,bauxite-mining,2020,2020,co2e_100yr,0,annual,25116.93002
TKM,mineral-extraction,bauxite-mining,2021,2021,co2e_100yr,0,annual,25116.93002
TKM,mineral-extraction,bauxite-mining,2022,2022,co2e_100yr,0,annual,25116.93002
TKM,mineral-extraction,bauxite-mining,2023,2023,co2e_100yr,0,annual,25116.93002
TKM,mineral-extraction,bauxite-mining,2024,2024,co2e_100yr,0,annual,25116.93002
TKM,mineral-extraction,bauxite-mining,2025,2025,co2e_100yr,0,annual,25116.93002
TLS,mineral-extraction,bauxite-mining,2015,2015,co2e_100yr,0,annual,25116.93002
TLS,mineral-extraction,bauxite-mining,2016,2016,co2e_100yr,0,annual,25116.93002
TLS,mineral-extraction,bauxite-mining,2017,2017,co2e_100yr,0,annual,25116.93002
TLS,mineral-extraction,bauxite-mining,2018,2018,co2e_100yr,0,annual,25116.93002
TLS,mineral-extraction,bauxite-mining,2019,2019,co2e_100yr,0,annual,25116.93002
TLS,mineral-extraction,bauxite-mining,2020,2020,co2e_100yr,0,annual,25116.93002
TLS,mineral-extraction,bauxite-mining,2021,2021,co2e_100yr,0,annual,25116.93002
TLS,mineral-extraction,bauxite-mining,2022,2022,co2e_100yr,0,annual,25116.93002
TLS,mineral-extraction,bauxite-mining,2023,2023,co2e_100yr,0,annual,25116.93002
TLS,mineral-extraction,bauxite-mining,2024,2024,co2e_100yr,0,annual,25116.93002
TLS,mineral-extraction,bauxite-mining,2025,2025,co2e_100yr,0,annual,25116.93002
TON,mineral-extraction,bauxite-mining,2015,2015,co2e_100yr,0,annual,25116.93002
TON,mineral-extraction,bauxite-mining,2016,2016,co2e_100yr,0,annual,25116.93002
TON,mineral-extraction,bauxite-mining,2017,2017,co2e_100yr,0,annual,25116.93002
TON,mineral-extraction,bauxite-mining,2018,2018,co2e_100yr,0,annual,25116.93002
TON,mineral-extraction,bauxite-mining,2019,2019,co2e_100yr,0,annual,25116.93002
TON,mineral-extraction,bauxite-mining,2020,2020,co2e_100yr,0,annual,25116.93002
TON,mineral-extraction,bauxite-mining,2021,2021,co2e_100yr,0,annual,25116.93002
TON,mineral-extraction,bauxite-mining,2022,2022,co2e_100yr,0,annual,25116.93002
TON,mineral-extraction,bauxite-mining,2023,2023,co2e_100yr,0,annual,25116.93002
TON,mineral-extraction,bauxite-mining,2024,2024,co2e_100yr,0,annual,25116.93002
TON,mineral-extraction,bauxite-mining,2025,2025,co2e_100yr,0,annual,25116.93002
TTO,mineral-extraction,bauxite-mining,2015,2015,co2e_100yr,0,annual,25116.93002
TTO,mineral-extraction,bauxite-mining,2016,2016,co2e_100yr,0,annual,25116.93002
TTO,mineral-extraction,bauxite-mining,2017,2017,co2e_100yr,0,annual,25116.93002
TTO,mineral-extraction,bauxite-mining,2018,2018,co2e_100yr,0,annual,25116.93002
TTO,mineral-extraction,bauxite-mining,2019,2019,co2e_100yr,0,annual,25116.93002
TTO,mineral-extraction,bauxite-mining,2020,2020,co2e_100yr,0,annual,25116.93002
TTO,mineral-extraction,bauxite-mining,2021,2021,co2e_100yr,0,annual,25116.93002
TTO,mineral-extraction,bauxite-mining,2022,2022,co2e_100yr,0,annual,25116.93002
TTO,mineral-extraction,bauxite-mining,2023,2023,co2e_100yr,0,annual,25116.93002
TTO,mineral-extraction,bauxite-mining,2024,2024,co2e_100yr,0,annual,25116.93002
TTO,mineral-extraction,bauxite-mining,2025,2025,co2e_100yr,0,annual,25116.93002
TUN,mineral-extraction,bauxite-mining,2015,2015,co2e_100yr,0,annual,25116.93002
TUN,mineral-extraction,bauxite-mining,2016,2016,co2e_100yr,0,annual,25116.93002
TUN,mineral-extraction,bauxite-mining,2017,2017,co2e_100yr,0,annual,25116.93002
TUN,mineral-extraction,bauxite-mining,2018,2018,co2e_100yr,0,annual,25116.93002
TUN,mineral-extraction,bauxite-mining,2019,2019,co2e_100yr,0,annual,25116.93002
TUN,mineral-extraction,bauxite-mining,2020,2020,co2e_100yr,0,annual,25116.93002
TUN,mineral-extraction,bauxite-mining,2021,2021,co2e_100yr,0,annual,25116.93002
TUN,mineral-extraction,bauxite-mining,2022,2022,co2e_100yr,0,annual,25116.93002
TUN,mineral-extraction,bauxite-mining,2023,2023,co2e_100yr,0,annual,25116.93002
TUN,mineral-extraction,bauxite-mining,2024,2024,co2e_100yr,0,annual,25116.93002
TUN,mineral-extraction,bauxite-mining,2025,2025,co2e_100yr,0,annual,25116.93002
TUR,mineral-extraction,bauxite-mining,2015,2015,co2e_100yr,15309,annual,15308.99989
TUR,mineral-extraction,bauxite-mining,2016,2016,co2e_100yr,14580,annual,14579.99989
TUR,mineral-extraction,bauxite-mining,2017,2017,co2e_100yr,13720,annual,13719.9999
TUR,mineral-extraction,bauxite-mining,2018,2018,co2e_100yr,14580,annual,14579.99989
TUR,mineral-extraction,bauxite-mining,2019,2019,co2e_100yr,11941,annual,11940.99991
TUR,mineral-extraction,bauxite-mining,2020,2020,co2e_100yr,69120,annual,69119.99949
TUR,mineral-extraction,bauxite-mining,2021,2021,co2e_100yr,60928,annual,60928
TUR,mineral-extraction,bauxite-mining,2022,2022,co2e_100yr,76288,annual,76288
TUR,mineral-extraction,bauxite-mining,2023,2023,co2e_100yr,77312,annual,77312
TUR,mineral-extraction,bauxite-mining,2024,2024,co2e_100yr,89600,annual,89600
TUR,mineral-extraction,bauxite-mining,2025,2025,co2e_100yr,81377,annual,81376.99998
TUV,mineral-extraction,bauxite-mining,2015,2015,co2e_100yr,0,annual,25116.93002
TUV,mineral-extraction,bauxite-mining,2016,2016,co2e_100yr,0,annual,25116.93002
TUV,mineral-extraction,bauxite-mining,2017,2017,co2e_100yr,0,annual,25116.93002
TUV,mineral-extraction,bauxite-mining,2018,2018,co2e_100yr,0,annual,25116.93002
TUV,mineral-extraction,bauxite-mining,2019,2019,co2e_100yr,0,annual,25116.93002
TUV,mineral-extraction,bauxite-mining,2020,2020,co2e_100yr,0,annual,25116.93002
TUV,mineral-extraction,bauxite-mining,2021,2021,co2e_100yr,0,annual,25116.93002
TUV,mineral-extraction,bauxite-mining,2022,2022,co2e_100yr,0,annual,25116.93002
TUV,mineral-extraction,bauxite-mining,2023,2023,co2e_100yr,0,annual,25116.93002
TUV,mineral-extraction,bauxite-mining,2024,2024,co2e_100yr,0,annual,25116.93002
TUV,mineral-extraction,bauxite-mining,2025,2025,co2e_100yr,0,annual,25116.93002
TWN,mineral-extraction,bauxite-mining,2015,2015,co2e_100yr,0,annual,25116.93002
TWN,mineral-extraction,bauxite-mining,2016,2016,co2e_100yr,0,annual,25116.93002
TWN,mineral-extraction,bauxite-mining,2017,2017,co2e_100yr,0,annual,25116.93002
TWN,mineral-extraction,bauxite-mining,2018,2018,co2e_100yr,0,annual,25116.93002
TWN,mineral-extraction,bauxite-mining,2019,2019,co2e_100yr,0,annual,25116.93002
TWN,mineral-extraction,bauxite-mining,2020,2020,co2e_100yr,0,annual,25116.93002
TWN,mineral-extraction,bauxite-mining,2021,2021,co2e_100yr,0,annual,25116.93002
TWN,mineral-extraction,bauxite-mining,2022,2022,co2e_100yr,0,annual,25116.93002
TWN,mineral-extraction,bauxite-mining,2023,2023,co2e_100yr,0,annual,25116.93002
TWN,mineral-extraction,bauxite-mining,2024,2024,co2e_100yr,0,annual,25116.93002
TWN,mineral-extraction,bauxite-mining,2025,2025,co2e_100yr,0,annual,25116.93002
TZA,mineral-extraction,bauxite-mining,2015,2015,co2e_100yr,730,annual,730
TZA,mineral-extraction,bauxite-mining,2016,2016,co2e_100yr,1066,annual,1066
TZA,mineral-extraction,bauxite-mining,2017,2017,co2e_100yr,175,annual,175
TZA,mineral-extraction,bauxite-mining,2018,2018,co2e_100yr,102,annual,102
TZA,mineral-extraction,bauxite-mining,2019,2019,co2e_100yr,0,annual,25116.93002
TZA,mineral-extraction,bauxite-mining,2020,2020,co2e_100yr,0,annual,25116.93002
TZA,mineral-extraction,bauxite-mining,2021,2021,co2e_100yr,0,annual,25116.93002
TZA,mineral-extraction,bauxite-mining,2022,2022,co2e_100yr,0,annual,25116.93002
TZA,mineral-extraction,bauxite-mining,2023,2023,co2e_100yr,0,annual,25116.93002
TZA,mineral-extraction,bauxite-mining,2024,2024,co2e_100yr,0,annual,25116.93002
TZA,mineral-extraction,bauxite-mining,2025,2025,co2e_100yr,0,annual,25116.93002
UGA,mineral-extraction,bauxite-mining,2015,2015,co2e_100yr,0,annual,25116.93002
UGA,mineral-extraction,bauxite-mining,2016,2016,co2e_100yr,0,annual,25116.93002
UGA,mineral-extraction,bauxite-mining,2017,2017,co2e_100yr,0,annual,25116.93002
UGA,mineral-extraction,bauxite-mining,2018,2018,co2e_100yr,0,annual,25116.93002
UGA,mineral-extraction,bauxite-mining,2019,2019,co2e_100yr,0,annual,25116.93002
UGA,mineral-extraction,bauxite-mining,2020,2020,co2e_100yr,0,annual,25116.93002
UGA,mineral-extraction,bauxite-mining,2021,2021,co2e_100yr,0,annual,25116.93002
UGA,mineral-extraction,bauxite-mining,2022,2022,co2e_100yr,0,annual,25116.93002
UGA,mineral-extraction,bauxite-mining,2023,2023,co2e_100yr,0,annual,25116.93002
UGA,mineral-extraction,bauxite-mining,2024,2024,co2e_100yr,0,annual,25116.93002
UGA,mineral-extraction,bauxite-mining,2025,2025,co2e_100yr,0,annual,25116.93002
UKR,mineral-extraction,bauxite-mining,2015,2015,co2e_100yr,0,annual,25116.93002
UKR,mineral-extraction,bauxite-mining,2016,2016,co2e_100yr,0,annual,25116.93002
UKR,mineral-extraction,bauxite-mining,2017,2017,co2e_100yr,0,annual,25116.93002
UKR,mineral-extraction,bauxite-mining,2018,2018,co2e_100yr,0,annual,25116.93002
UKR,mineral-extraction,bauxite-mining,2019,2019,co2e_100yr,0,annual,25116.93002
UKR,mineral-extraction,bauxite-mining,2020,2020,co2e_100yr,0,annual,25116.93002
UKR,mineral-extraction,bauxite-mining,2021,2021,co2e_100yr,0,annual,25116.93002
UKR,mineral-extraction,bauxite-mining,2022,2022,co2e_100yr,0,annual,25116.93002
UKR,mineral-extraction,bauxite-mining,2023,2023,co2e_100yr,0,annual,25116.93002
UKR,mineral-extraction,bauxite-mining,2024,2024,co2e_100yr,0,annual,25116.93002
UKR,mineral-extraction,bauxite-mining,2025,2025,co2e_100yr,0,annual,25116.93002
UMI,mineral-extraction,bauxite-mining,2015,2015,co2e_100yr,0,annual,25116.93002
UMI,mineral-extraction,bauxite-mining,2016,2016,co2e_100yr,0,annual,25116.93002
UMI,mineral-extraction,bauxite-mining,2017,2017,co2e_100yr,0,annual,25116.93002
UMI,mineral-extraction,bauxite-mining,2018,2018,co2e_100yr,0,annual,25116.93002
UMI,mineral-extraction,bauxite-mining,2019,2019,co2e_100yr,0,annual,25116.93002
UMI,mineral-extraction,bauxite-mining,2020,2020,co2e_100yr,0,annual,25116.93002
UMI,mineral-extraction,bauxite-mining,2021,2021,co2e_100yr,0,annual,25116.93002
UMI,mineral-extraction,bauxite-mining,2022,2022,co2e_100yr,0,annual,25116.93002
UMI,mineral-extraction,bauxite-mining,2023,2023,co2e_100yr,0,annual,25116.93002
UMI,mineral-extraction,bauxite-mining,2024,2024,co2e_100yr,0,annual,25116.93002
UMI,mineral-extraction,bauxite-mining,2025,2025,co2e_100yr,0,annual,25116.93002
UNK,mineral-extraction,bauxite-mining,2015,2015,co2e_100yr,0,annual,25116.93002
UNK,mineral-extraction,bauxite-mining,2016,2016,co2e_100yr,0,annual,25116.93002
UNK,mineral-extraction,bauxite-mining,2017,2017,co2e_100yr,0,annual,25116.93002
UNK,mineral-extraction,bauxite-mining,2018,2018,co2e_100yr,0,annual,25116.93002
UNK,mineral-extraction,bauxite-mining,2019,2019,co2e_100yr,0,annual,25116.93002
UNK,mineral-extraction,bauxite-mining,2020,2020,co2e_100yr,0,annual,25116.93002
UNK,mineral-extraction,bauxite-mining,2021,2021,co2e_100yr,0,annual,25116.93002
UNK,mineral-extraction,bauxite-mining,2022,2022,co2e_100yr,0,annual,25116.93002
UNK,mineral-extraction,bauxite-mining,2023,2023,co2e_100yr,0,annual,25116.93002
UNK,mineral-extraction,bauxite-mining,2024,2024,co2e_100yr,0,annual,25116.93002
UNK,mineral-extraction,bauxite-mining,2025,2025,co2e_100yr,0,annual,25116.93002
URY,mineral-extraction,bauxite-mining,2015,2015,co2e_100yr,0,annual,25116.93002
URY,mineral-extraction,bauxite-mining,2016,2016,co2e_100yr,0,annual,25116.93002
URY,mineral-extraction,bauxite-mining,2017,2017,co2e_100yr,0,annual,25116.93002
URY,mineral-extraction,bauxite-mining,2018,2018,co2e_100yr,0,annual,25116.93002
URY,mineral-extraction,bauxite-mining,2019,2019,co2e_100yr,0,annual,25116.93002
URY,mineral-extraction,bauxite-mining,2020,2020,co2e_100yr,0,annual,25116.93002
URY,mineral-extraction,bauxite-mining,2021,2021,co2e_100yr,0,annual,25116.93002
URY,mineral-extraction,bauxite-mining,2022,2022,co2e_100yr,0,annual,25116.93002
URY,mineral-extraction,bauxite-mining,2023,2023,co2e_100yr,0,annual,25116.93002
URY,mineral-extraction,bauxite-mining,2024,2024,co2e_100yr,0,annual,25116.93002
URY,mineral-extraction,bauxite-mining,2025,2025,co2e_100yr,0,annual,25116.93002
USA,mineral-extraction,bauxite-mining,2015,2015,co2e_100yr,0,annual,25116.93002
USA,mineral-extraction,bauxite-mining,2016,2016,co2e_100yr,0,annual,25116.93002
USA,mineral-extraction,bauxite-mining,2017,2017,co2e_100yr,0,annual,25116.93002
USA,mineral-extraction,bauxite-mining,2018,2018,co2e_100yr,0,annual,25116.93002
USA,mineral-extraction,bauxite-mining,2019,2019,co2e_100yr,0,annual,25116.93002
USA,mineral-extraction,bauxite-mining,2020,2020,co2e_100yr,0,annual,25116.93002
USA,mineral-extraction,bauxite-mining,2021,2021,co2e_100yr,0,annual,25116.93002
USA,mineral-extraction,bauxite-mining,2022,2022,co2e_100yr,0,annual,25116.93002
USA,mineral-extraction,bauxite-mining,2023,2023,co2e_100yr,0,annual,25116.93002
USA,mineral-extraction,bauxite-mining,2024,2024,co2e_100yr,0,annual,25116.93002
USA,mineral-extraction,bauxite-mining,2025,2025,co2e_100yr,0,annual,25116.93002
UZB,mineral-extraction,bauxite-mining,2015,2015,co2e_100yr,0,annual,25116.93002
UZB,mineral-extraction,bauxite-mining,2016,2016,co2e_100yr,0,annual,25116.93002
UZB,mineral-extraction,bauxite-mining,2017,2017,co2e_100yr,0,annual,25116.93002
UZB,mineral-extraction,bauxite-mining,2018,2018,co2e_100yr,0,annual,25116.93002
UZB,mineral-extraction,bauxite-mining,2019,2019,co2e_100yr,0,annual,25116.93002
UZB,mineral-extraction,bauxite-mining,2020,2020,co2e_100yr,0,annual,25116.93002
UZB,mineral-extraction,bauxite-mining,2021,2021,co2e_100yr,0,annual,25116.93002
UZB,mineral-extraction,bauxite-mining,2022,2022,co2e_100yr,0,annual,25116.93002
UZB,mineral-extraction,bauxite-mining,2023,2023,co2e_100yr,0,annual,25116.93002
UZB,mineral-extraction,bauxite-mining,2024,2024,co2e_100yr,0,annual,25116.93002
UZB,mineral-extraction,bauxite-mining,2025,2025,co2e_100yr,0,annual,25116.93002
VAT,mineral-extraction,bauxite-mining,2015,2015,co2e_100yr,0,annual,25116.93002
VAT,mineral-extraction,bauxite-mining,2016,2016,co2e_100yr,0,annual,25116.93002
VAT,mineral-extraction,bauxite-mining,2017,2017,co2e_100yr,0,annual,25116.93002
VAT,mineral-extraction,bauxite-mining,2018,2018,co2e_100yr,0,annual,25116.93002
VAT,mineral-extraction,bauxite-mining,2019,2019,co2e_100yr,0,annual,25116.93002
VAT,mineral-extraction,bauxite-mining,2020,2020,co2e_100yr,0,annual,25116.93002
VAT,mineral-extraction,bauxite-mining,2021,2021,co2e_100yr,0,annual,25116.93002
VAT,mineral-extraction,bauxite-mining,2022,2022,co2e_100yr,0,annual,25116.93002
VAT,mineral-extraction,bauxite-mining,2023,2023,co2e_100yr,0,annual,25116.93002
VAT,mineral-extraction,bauxite-mining,2024,2024,co2e_100yr,0,annual,25116.93002
VAT,mineral-extraction,bauxite-mining,2025,2025,co2e_100yr,0,annual,25116.93002
VCT,mineral-extraction,bauxite-mining,2015,2015,co2e_100yr,0,annual,25116.93002
VCT,mineral-extraction,bauxite-mining,2016,2016,co2e_100yr,0,annual,25116.93002
VCT,mineral-extraction,bauxite-mining,2017,2017,co2e_100yr,0,annual,25116.93002
VCT,mineral-extraction,bauxite-mining,2018,2018,co2e_100yr,0,annual,25116.93002
VCT,mineral-extraction,bauxite-mining,2019,2019,co2e_100yr,0,annual,25116.93002
VCT,mineral-extraction,bauxite-mining,2020,2020,co2e_100yr,0,annual,25116.93002
VCT,mineral-extraction,bauxite-mining,2021,2021,co2e_100yr,0,annual,25116.93002
VCT,mineral-extraction,bauxite-mining,2022,2022,co2e_100yr,0,annual,25116.93002
VCT,mineral-extraction,bauxite-mining,2023,2023,co2e_100yr,0,annual,25116.93002
VCT,mineral-extraction,bauxite-mining,2024,2024,co2e_100yr,0,annual,25116.93002
VCT,mineral-extraction,bauxite-mining,2025,2025,co2e_100yr,0,annual,25116.93002
VEN,mineral-extraction,bauxite-mining,2015,2015,co2e_100yr,7281,annual,7281
VEN,mineral-extraction,bauxite-mining,2016,2016,co2e_100yr,6672,annual,6672
VEN,mineral-extraction,bauxite-mining,2017,2017,co2e_100yr,4037,annual,4037
VEN,mineral-extraction,bauxite-mining,2018,2018,co2e_100yr,0,annual,25116.93002
VEN,mineral-extraction,bauxite-mining,2019,2019,co2e_100yr,0,annual,25116.93002
VEN,mineral-extraction,bauxite-mining,2020,2020,co2e_100yr,2025,annual,2025
VEN,mineral-extraction,bauxite-mining,2021,2021,co2e_100yr,2467,annual,2467
VEN,mineral-extraction,bauxite-mining,2022,2022,co2e_100yr,3254,annual,3254
VEN,mineral-extraction,bauxite-mining,2023,2023,co2e_100yr,4142,annual,4142
VEN,mineral-extraction,bauxite-mining,2024,2024,co2e_100yr,4958,annual,4958
VEN,mineral-extraction,bauxite-mining,2025,2025,co2e_100yr,4535.77,annual,4535.76681
VGB,mineral-extraction,bauxite-mining,2015,2015,co2e_100yr,0,annual,25116.93002
VGB,mineral-extraction,bauxite-mining,2016,2016,co2e_100yr,0,annual,25116.93002
VGB,mineral-extraction,bauxite-mining,2017,2017,co2e_100yr,0,annual,25116.93002
VGB,mineral-extraction,bauxite-mining,2018,2018,co2e_100yr,0,annual,25116.93002
VGB,mineral-extraction,bauxite-mining,2019,2019,co2e_100yr,0,annual,25116.93002
VGB,mineral-extraction,bauxite-mining,2020,2020,co2e_100yr,0,annual,25116.93002
VGB,mineral-extraction,bauxite-mining,2021,2021,co2e_100yr,0,annual,25116.93002
VGB,mineral-extraction,bauxite-mining,2022,2022,co2e_100yr,0,annual,25116.93002
VGB,mineral-extraction,bauxite-mining,2023,2023,co2e_100yr,0,annual,25116.93002
VGB,mineral-extraction,bauxite-mining,2024,2024,co2e_100yr,0,annual,25116.93002
VGB,mineral-extraction,bauxite-mining,2025,2025,co2e_100yr,0,annual,25116.93002
VIR,mineral-extraction,bauxite-mining,2015,2015,co2e_100yr,0,annual,25116.93002
VIR,mineral-extraction,bauxite-mining,2016,2016,co2e_100yr,0,annual,25116.93002
VIR,mineral-extraction,bauxite-mining,2017,2017,co2e_100yr,0,annual,25116.93002
VIR,mineral-extraction,bauxite-mining,2018,2018,co2e_100yr,0,annual,25116.93002
VIR,mineral-extraction,bauxite-mining,2019,2019,co2e_100yr,0,annual,25116.93002
VIR,mineral-extraction,bauxite-mining,2020,2020,co2e_100yr,0,annual,25116.93002
VIR,mineral-extraction,bauxite-mining,2021,2021,co2e_100yr,0,annual,25116.93002
VIR,mineral-extraction,bauxite-mining,2022,2022,co2e_100yr,0,annual,25116.93002
VIR,mineral-extraction,bauxite-mining,2023,2023,co2e_100yr,0,annual,25116.93002
VIR,mineral-extraction,bauxite-mining,2024,2024,co2e_100yr,0,annual,25116.93002
VIR,mineral-extraction,bauxite-mining,2025,2025,co2e_100yr,0,annual,25116.93002
VNM,mineral-extraction,bauxite-mining,2015,2015,co2e_100yr,9315,annual,9315.000135
VNM,mineral-extraction,bauxite-mining,2016,2016,co2e_100yr,11494,annual,11494.00017
VNM,mineral-extraction,bauxite-mining,2017,2017,co2e_100yr,22680,annual,22680.00033
VNM,mineral-extraction,bauxite-mining,2018,2018,co2e_100yr,28350,annual,28350.00041
VNM,mineral-extraction,bauxite-mining,2019,2019,co2e_100yr,27135,annual,27135.00039
VNM,mineral-extraction,bauxite-mining,2020,2020,co2e_100yr,58392,annual,58392.00085
VNM,mineral-extraction,bauxite-mining,2021,2021,co2e_100yr,51904,annual,51904.00038
VNM,mineral-extraction,bauxite-mining,2022,2022,co2e_100yr,72990,annual,72990.00053
VNM,mineral-extraction,bauxite-mining,2023,2023,co2e_100yr,91643,annual,91643.00067
VNM,mineral-extraction,bauxite-mining,2024,2024,co2e_100yr,54337,annual,54337.0004
VNM,mineral-extraction,bauxite-mining,2025,2025,co2e_100yr,49381.02,annual,49381.02102
VUT,mineral-extraction,bauxite-mining,2015,2015,co2e_100yr,0,annual,25116.93002
VUT,mineral-extraction,bauxite-mining,2016,2016,co2e_100yr,0,annual,25116.93002
VUT,mineral-extraction,bauxite-mining,2017,2017,co2e_100yr,0,annual,25116.93002
VUT,mineral-extraction,bauxite-mining,2018,2018,co2e_100yr,0,annual,25116.93002
VUT,mineral-extraction,bauxite-mining,2019,2019,co2e_100yr,0,annual,25116.93002
VUT,mineral-extraction,bauxite-mining,2020,2020,co2e_100yr,0,annual,25116.93002
VUT,mineral-extraction,bauxite-mining,2021,2021,co2e_100yr,0,annual,25116.93002
VUT,mineral-extraction,bauxite-mining,2022,2022,co2e_100yr,0,annual,25116.93002
VUT,mineral-extraction,bauxite-mining,2023,2023,co2e_100yr,0,annual,25116.93002
VUT,mineral-extraction,bauxite-mining,2024,2024,co2e_100yr,0,annual,25116.93002
VUT,mineral-extraction,bauxite-mining,2025,2025,co2e_100yr,0,annual,25116.93002
WLF,mineral-extraction,bauxite-mining,2015,2015,co2e_100yr,0,annual,25116.93002
WLF,mineral-extraction,bauxite-mining,2016,2016,co2e_100yr,0,annual,25116.93002
WLF,mineral-extraction,bauxite-mining,2017,2017,co2e_100yr,0,annual,25116.93002
WLF,mineral-extraction,bauxite-mining,2018,2018,co2e_100yr,0,annual,25116.93002
WLF,mineral-extraction,bauxite-mining,2019,2019,co2e_100yr,0,annual,25116.93002
WLF,mineral-extraction,bauxite-mining,2020,2020,co2e_100yr,0,annual,25116.93002
WLF,mineral-extraction,bauxite-mining,2021,2021,co2e_100yr,0,annual,25116.93002
WLF,mineral-extraction,bauxite-mining,2022,2022,co2e_100yr,0,annual,25116.93002
WLF,mineral-extraction,bauxite-mining,2023,2023,co2e_100yr,0,annual,25116.93002
WLF,mineral-extraction,bauxite-mining,2024,2024,co2e_100yr,0,annual,25116.93002
WLF,mineral-extraction,bauxite-mining,2025,2025,co2e_100yr,0,annual,25116.93002
WSM,mineral-extraction,bauxite-mining,2015,2015,co2e_100yr,0,annual,25116.93002
WSM,mineral-extraction,bauxite-mining,2016,2016,co2e_100yr,0,annual,25116.93002
WSM,mineral-extraction,bauxite-mining,2017,2017,co2e_100yr,0,annual,25116.93002
WSM,mineral-extraction,bauxite-mining,2018,2018,co2e_100yr,0,annual,25116.93002
WSM,mineral-extraction,bauxite-mining,2019,2019,co2e_100yr,0,annual,25116.93002
WSM,mineral-extraction,bauxite-mining,2020,2020,co2e_100yr,0,annual,25116.93002
WSM,mineral-extraction,bauxite-mining,2021,2021,co2e_100yr,0,annual,25116.93002
WSM,mineral-extraction,bauxite-mining,2022,2022,co2e_100yr,0,annual,25116.93002
WSM,mineral-extraction,bauxite-mining,2023,2023,co2e_100yr,0,annual,25116.93002
WSM,mineral-extraction,bauxite-mining,2024,2024,co2e_100yr,0,annual,25116.93002
WSM,mineral-extraction,bauxite-mining,2025,2025,co2e_100yr,0,annual,25116.93002
XKX,mineral-extraction,bauxite-mining,2015,2015,co2e_100yr,0,annual,25116.93002
XKX,mineral-extraction,bauxite-mining,2016,2016,co2e_100yr,0,annual,25116.93002
XKX,mineral-extraction,bauxite-mining,2017,2017,co2e_100yr,0,annual,25116.93002
XKX,mineral-extraction,bauxite-mining,2018,2018,co2e_100yr,0,annual,25116.93002
XKX,mineral-extraction,bauxite-mining,2019,2019,co2e_100yr,0,annual,25116.93002
XKX,mineral-extraction,bauxite-mining,2020,2020,co2e_100yr,0,annual,25116.93002
XKX,mineral-extraction,bauxite-mining,2021,2021,co2e_100yr,0,annual,25116.93002
XKX,mineral-extraction,bauxite-mining,2022,2022,co2e_100yr,0,annual,25116.93002
XKX,mineral-extraction,bauxite-mining,2023,2023,co2e_100yr,0,annual,25116.93002
XKX,mineral-extraction,bauxite-mining,2024,2024,co2e_100yr,0,annual,25116.93002
XKX,mineral-extraction,bauxite-mining,2025,2025,co2e_100yr,0,annual,25116.93002
YEM,mineral-extraction,bauxite-mining,2015,2015,co2e_100yr,0,annual,25116.93002
YEM,mineral-extraction,bauxite-mining,2016,2016,co2e_100yr,0,annual,25116.93002
YEM,mineral-extraction,bauxite-mining,2017,2017,co2e_100yr,0,annual,25116.93002
YEM,mineral-extraction,bauxite-mining,2018,2018,co2e_100yr,0,annual,25116.93002
YEM,mineral-extraction,bauxite-mining,2019,2019,co2e_100yr,0,annual,25116.93002
YEM,mineral-extraction,bauxite-mining,2020,2020,co2e_100yr,0,annual,25116.93002
YEM,mineral-extraction,bauxite-mining,2021,2021,co2e_100yr,0,annual,25116.93002
YEM,mineral-extraction,bauxite-mining,2022,2022,co2e_100yr,0,annual,25116.93002
YEM,mineral-extraction,bauxite-mining,2023,2023,co2e_100yr,0,annual,25116.93002
YEM,mineral-extraction,bauxite-mining,2024,2024,co2e_100yr,0,annual,25116.93002
YEM,mineral-extraction,bauxite-mining,2025,2025,co2e_100yr,0,annual,25116.93002
ZAF,mineral-extraction,bauxite-mining,2015,2015,co2e_100yr,0,annual,25116.93002
ZAF,mineral-extraction,bauxite-mining,2016,2016,co2e_100yr,0,annual,25116.93002
ZAF,mineral-extraction,bauxite-mining,2017,2017,co2e_100yr,0,annual,25116.93002
ZAF,mineral-extraction,bauxite-mining,2018,2018,co2e_100yr,0,annual,25116.93002
ZAF,mineral-extraction,bauxite-mining,2019,2019,co2e_100yr,0,annual,25116.93002
ZAF,mineral-extraction,bauxite-mining,2020,2020,co2e_100yr,0,annual,25116.93002
ZAF,mineral-extraction,bauxite-mining,2021,2021,co2e_100yr,0,annual,25116.93002
ZAF,mineral-extraction,bauxite-mining,2022,2022,co2e_100yr,0,annual,25116.93002
ZAF,mineral-extraction,bauxite-mining,2023,2023,co2e_100yr,0,annual,25116.93002
ZAF,mineral-extraction,bauxite-mining,2024,2024,co2e_100yr,0,annual,25116.93002
ZAF,mineral-extraction,bauxite-mining,2025,2025,co2e_100yr,0,annual,25116.93002
ZMB,mineral-extraction,bauxite-mining,2015,2015,co2e_100yr,0,annual,25116.93002
ZMB,mineral-extraction,bauxite-mining,2016,2016,co2e_100yr,0,annual,25116.93002
ZMB,mineral-extraction,bauxite-mining,2017,2017,co2e_100yr,0,annual,25116.93002
ZMB,mineral-extraction,bauxite-mining,2018,2018,co2e_100yr,0,annual,25116.93002
ZMB,mineral-extraction,bauxite-mining,2019,2019,co2e_100yr,0,annual,25116.93002
ZMB,mineral-extraction,bauxite-mining,2020,2020,co2e_100yr,0,annual,25116.93002
ZMB,mineral-extraction,bauxite-mining,2021,2021,co2e_100yr,0,annual,25116.93002
ZMB,mineral-extraction,bauxite-mining,2022,2022,co2e_100yr,0,annual,25116.93002
ZMB,mineral-extraction,bauxite-mining,2023,2023,co2e_100yr,0,annual,25116.93002
ZMB,mineral-extraction,bauxite-mining,2024,2024,co2e_100yr,0,annual,25116.93002
ZMB,mineral-extraction,bauxite-mining,2025,2025,co2e_100yr,0,annual,25116.93002
ZNC,mineral-extraction,bauxite-mining,2015,2015,co2e_100yr,0,annual,25116.93002
ZNC,mineral-extraction,bauxite-mining,2016,2016,co2e_100yr,0,annual,25116.93002
ZNC,mineral-extraction,bauxite-mining,2017,2017,co2e_100yr,0,annual,25116.93002
ZNC,mineral-extraction,bauxite-mining,2018,2018,co2e_100yr,0,annual,25116.93002
ZNC,mineral-extraction,bauxite-mining,2019,2019,co2e_100yr,0,annual,25116.93002
ZNC,mineral-extraction,bauxite-mining,2020,2020,co2e_100yr,0,annual,25116.93002
ZNC,mineral-extraction,bauxite-mining,2021,2021,co2e_100yr,0,annual,25116.93002
ZNC,mineral-extraction,bauxite-mining,2022,2022,co2e_100yr,0,annual,25116.93002
ZNC,mineral-extraction,bauxite-mining,2023,2023,co2e_100yr,0,annual,25116.93002
ZNC,mineral-extraction,bauxite-mining,2024,2024,co2e_100yr,0,annual,25116.93002
ZNC,mineral-extraction,bauxite-mining,2025,2025,co2e_100yr,0,annual,25116.93002
ZWE,mineral-extraction,bauxite-mining,2015,2015,co2e_100yr,0,annual,25116.93002
ZWE,mineral-extraction,bauxite-mining,2016,2016,co2e_100yr,0,annual,25116.93002
ZWE,mineral-extraction,bauxite-mining,2017,2017,co2e_100yr,0,annual,25116.93002
ZWE,mineral-extraction,bauxite-mining,2018,2018,co2e_100yr,0,annual,25116.93002
ZWE,mineral-extraction,bauxite-mining,2019,2019,co2e_100yr,0,annual,25116.93002
ZWE,mineral-extraction,bauxite-mining,2020,2020,co2e_100yr,0,annual,25116.93002
ZWE,mineral-extraction,bauxite-mining,2021,2021,co2e_100yr,0,annual,25116.93002
ZWE,mineral-extraction,bauxite-mining,2022,2022,co2e_100yr,0,annual,25116.93002
ZWE,mineral-extraction,bauxite-mining,2023,2023,co2e_100yr,0,annual,25116.93002
ZWE,mineral-extraction,bauxite-mining,2024,2024,co2e_100yr,0,annual,25116.93002
ZWE,mineral-extraction,bauxite-mining,2025,2025,co2e_100yr,0,annual,25116.93002
